reference,settled_at_utc,amount,status
TXNA0DFE6102150,2026-07-15 06:16:52,"8,39,225.32",SETTLED
TXNA0DFE6103052,2026-07-15 12:58:41,"5,29,234.86",SETTLED
TXNA0DFE6101977,2026-07-15 11:40:48,"7,59,915.13/-",SETTLED
TXNA0DFE6100297,2026-07-15 02:39:15,"Rs. 3,01,083.61",SETTLED
TXNA0DFE6101843,2026-07-15 09:24:24,"2,73,365.85",SETTLED
TXNA0DFE6100069,2026-07-15 04:26:49,"4,79,172.17",SETTLED
TXNA0DFE6102008,2026-07-15 13:18:46,"7,63,831.83/-",SETTLED
TXNA0DFE6101640,2026-07-15 14:20:13,"Rs. 2,15,260.92",SETTLED
TXNA0DFE6103046,2026-07-15 14:42:38,"8,28,838.59",SETTLED
TXNA0DFE6100623,2026-07-15 00:48:24,"6,24,750.81",SETTLED
TXNA0DFE6102601,2026-07-15 14:36:47,"2,48,281.23/-",SETTLED
TXNA0DFE6101810,2026-07-15 05:43:16,"Rs. 4,36,210.36",SETTLED
TXNA0DFE6101078,2026-07-15 08:20:09,"7,70,387.80",SETTLED
TXNA0DFE6102760,2026-07-15 07:02:12,"5,91,484.67",SETTLED
TXNA0DFE6103286,2026-07-15 02:25:44,"52,112.46/-",SETTLED
TXNA0DFE6102596,2026-07-15 15:59:58,"Rs. 3,33,468.60",SETTLED
TXNA0DFE6102043,2026-07-15 07:16:30,"8,10,069.39",SETTLED
TXNA0DFE6100114,2026-07-15 05:48:58,"1,18,139.42",SETTLED
TXNA0DFE6102891,2026-07-15 03:18:23,"3,47,892.74/-",SETTLED
TXNA0DFE6102983,2026-07-15 07:57:03,"Rs. 7,94,541.27",SETTLED
TXNA0DFE6102612,2026-07-15 12:53:11,"4,61,781.58",SETTLED
TXNA0DFE6101855,2026-07-15 13:53:18,"4,40,087.60",SETTLED
TXNA0DFE6101770,2026-07-15 01:09:11,"2,26,915.36/-",SETTLED
TXNA0DFE6500008,2026-07-15 13:31:23,"Rs. 2,98,194.59",
TXNA0DFE6102825,2026-07-15 06:47:47,"3,45,611.48",SETTLED
TXNA0DFE6103200,2026-07-15 09:11:36,"6,64,155.45",SETTLED
TXNA0DFE6102276,2026-07-15 14:07:05,"5,72,564.82/-",SETTLED
TXNA0DFE6102603,2026-07-15 05:15:48,"Rs. 3,15,082.44",SETTLED
TXNA0DFE6101980,2026-07-15 05:47:33,"8,47,843.09",SETTLED
TXNA0DFE6101888,2026-07-15 14:16:05,"5,16,211.45",SETTLED
TXNA0DFE6103527,2026-07-15 09:43:19,"4,57,993.86/-",SETTLED
TXNA0DFE6102988,2026-07-15 04:22:19,"Rs. 2,83,921.83",SETTLED
TXNA0DFE6100929,2026-07-15 06:46:57,"5,76,437.93",SETTLED
TXNA0DFE6102660,2026-07-15 00:58:07,"1,42,359.13",SETTLED
TXNA0DFE6100824,2026-07-15 09:12:40,"3,23,669.88/-",SETTLED
TXNA0DFE6100749,2026-07-15 12:52:01,"Rs. 8,51,795.47",SETTLED
TXNA0DFE6101008,2026-07-15 10:52:32,"3,36,456.28",SETTLED
TXNA0DFE6100023,2026-07-15 12:35:43,"4,57,879.94",SETTLED
TXNA0DFE6100428,2026-07-15 05:35:42,"8,05,458.54/-",SETTLED
TXNA0DFE6101374,2026-07-15 03:22:30,"Rs. 6,62,824.39",SETTLED
TXNA0DFE6103231,2026-07-15 08:55:58,"6,93,879.21",SETTLED
TXNA0DFE6103380,2026-07-15 05:13:29,"6,77,617.99",SETTLED
TXNA0DFE6101625,2026-07-15 03:40:26,"1,55,446.29/-",SETTLED
TXNA0DFE6101548,2026-07-15 06:24:36,"Rs. 4,30,127.83",SETTLED
TXNA0DFE6102868,2026-07-15 00:50:16,"7,97,610.72",SETTLED
TXNA0DFE6100720,2026-07-15 06:37:49,"6,25,597.35",SETTLED
TXNA0DFE6100321,2026-07-15 00:45:17,"4,96,576.17/-",SETTLED
TXNA0DFE6102986,2026-07-15 11:35:33,"Rs. 26,877.97",SETTLED
TXNA0DFE6101862,2026-07-15 04:02:41,"8,37,053.05",SETTLED
TXNA0DFE6102923,2026-07-15 00:45:41,"4,29,813.73",SETTLED
TXNA0DFE6101128,2026-07-15 04:54:35,"3,51,174.00/-",SETTLED
TXNA0DFE6100384,2026-07-15 03:57:19,"Rs. 5,05,738.59",SETTLED
TXNA0DFE6102017,2026-07-15 06:13:39,"5,09,742.63",SETTLED
TXNA0DFE6100020,2026-07-15 12:37:26,"8,66,948.74",SETTLED
TXNA0DFE6103171,2026-07-15 15:53:17,"7,49,523.40/-",SETTLED
TXNA0DFE6100933,2026-07-15 10:58:03,"Rs. 2,49,560.87",SETTLED
TXNA0DFE6103105,2026-07-15 13:11:08,"77,322.57",SETTLED
TXNA0DFE6101809,2026-07-15 16:03:23,"8,04,173.20",SETTLED
TXNA0DFE6100400,2026-07-15 15:25:39,"7,36,609.50/-",SETTLED
TXNA0DFE6102507,2026-07-15 02:56:49,"Rs. 4,11,266.99",SETTLED
TXNA0DFE6100279,2026-07-15 10:01:14,"1,52,567.39",SETTLED
TXNA0DFE6300001,2026-07-14 19:23:27,"3,92,113.06",SETTLED
TXNA0DFE6102329,2026-07-15 13:48:31,"2,06,409.21/-",SETTLED
TXNA0DFE6101919,2026-07-15 05:07:33,"Rs. 4,86,405.86",SETTLED
TXNA0DFE6101732,2026-07-15 13:23:01,"82,654.41",SETTLED
TXNA0DFE6100040,2026-07-15 02:43:28,"81,803.73",SETTLED
TXNA0DFE6100060,2026-07-15 12:08:35,"8,30,365.74/-",SETTLED
TXNA0DFE6103719,2026-07-15 12:46:08,"Rs. 6,28,935.58",SETTLED
TXNA0DFE6102471,2026-07-15 01:39:49,"5,77,631.52",SETTLED
TXNA0DFE6102120,2026-07-15 10:20:00,"7,88,846.69",SETTLED
TXNA0DFE6100628,2026-07-15 16:25:21,"1,38,135.87/-",SETTLED
TXNA0DFE6102780,2026-07-15 02:17:39,"Rs. 7,90,519.64",SETTLED
TXNA0DFE6300003,2026-07-14 19:31:47,"3,65,332.78",SETTLED
TXNA0DFE6350011,2026-07-15 22:13:44,"95,900.23",SETTLED
TXNA0DFE6102040,2026-07-15 05:05:16,"4,68,893.88/-",SETTLED
TXNA0DFE6100597,2026-07-15 16:21:16,"Rs. 6,82,539.19",SETTLED
TXNA0DFE6102683,2026-07-15 15:28:15,"7,70,175.69",SETTLED
TXNA0DFE6102117,2026-07-15 05:24:59,"1,48,614.20",SETTLED
TXNA0DFE6103762,2026-07-15 11:51:50,"3,56,154.24/-",SETTLED
TXNA0DFE6103723,2026-07-15 16:18:39,"Rs. 8,58,291.99",SETTLED
TXNA0DFE6101570,2026-07-15 04:56:37,"54,543.37",SETTLED
TXNA0DFE6103111,2026-07-15 13:36:32,"8,04,989.57",SETTLED
TXNA0DFE6102767,2026-07-15 12:34:55,"3,30,775.55/-",SETTLED
TXNA0DFE6102749,2026-07-15 13:26:12,"Rs. 5,81,750.25",SETTLED
TXNA0DFE6100191,2026-07-15 09:04:25,"1,46,952.54",SETTLED
TXNA0DFE6103195,2026-07-15 07:31:28,"1,81,782.45",SETTLED
TXNA0DFE6102935,2026-07-15 10:23:40,"2,89,040.50/-",SETTLED
TXNA0DFE6102296,2026-07-15 07:19:08,"Rs. 1,41,528.77",SETTLED
TXNA0DFE6101251,2026-07-15 05:41:14,"63,320.81",SETTLED
TXNA0DFE6103720,2026-07-15 08:23:21,"8,49,982.52",SETTLED
TXNA0DFE6101688,2026-07-15 03:57:55,"69,346.07/-",SETTLED
TXNA0DFE6103123,2026-07-15 00:52:46,"Rs. 6,18,235.15",SETTLED
TXNA0DFE6100015,2026-07-15 11:59:23,"3,37,258.37",SETTLED
TXNA0DFE6102322,2026-07-15 02:29:46,"5,57,281.89",SETTLED
TXNA0DFE6102291,2026-07-15 00:44:42,"43,029.46/-",SETTLED
TXNA0DFE6100505,2026-07-15 13:59:15,"Rs. 8,23,793.34",SETTLED
TXNA0DFE6102728,2026-07-15 03:35:17,"98,631.68",SETTLED
TXNA0DFE6102607,2026-07-15 10:43:26,"4,89,723.88",SETTLED
TXNA0DFE6101089,2026-07-15 11:28:43,"8,36,488.56/-",SETTLED
TXNA0DFE6102187,2026-07-15 07:28:10,"Rs. 6,77,120.83",SETTLED
TXNA0DFE6101354,2026-07-15 08:17:31,"4,23,050.47",SETTLED
TXNA0DFE6100888,2026-07-15 10:48:55,"7,25,001.81",SETTLED
TXNA0DFE6102347,2026-07-15 02:50:45,"6,66,847.67/-",SETTLED
TXNA0DFE6103185,2026-07-15 12:00:38,"Rs. 6,83,601.75",SETTLED
TXNA0DFE6102634,2026-07-15 14:31:55,"2,79,200.45",SETTLED
TXNA0DFE6103331,2026-07-15 04:08:53,"4,24,368.15",SETTLED
TXNA0DFE6101459,2026-07-15 10:03:31,"6,82,762.46/-",SETTLED
TXNA0DFE6102410,2026-07-15 05:16:05,"Rs. 2,03,257.46",SETTLED
TXNA0DFE6100561,2026-07-15 08:02:05,"65,297.17",SETTLED
TXNA0DFE6102642,2026-07-15 10:44:04,"1,64,825.75",SETTLED
TXNA0DFE6100822,2026-07-15 03:33:18,"4,22,700.44/-",SETTLED
TXNA0DFE6101155,2026-07-15 10:49:50,"Rs. 87,131.95",SETTLED
TXNA0DFE6103644,2026-07-15 05:11:23,"1,88,580.33",SETTLED
TXNA0DFE6100588,2026-07-15 03:31:50,"6,28,688.73",SETTLED
TXNA0DFE6101481,2026-07-15 08:31:41,"4,22,627.10/-",SETTLED
TXNA0DFE6101774,2026-07-15 13:23:11,"Rs. 4,60,477.04",SETTLED
TXNA0DFE6102904,2026-07-15 12:43:22,"4,78,099.38",SETTLED
TXNA0DFE6100584,2026-07-15 06:46:15,"1,95,018.01",SETTLED
TXNA0DFE6101778,2026-07-15 14:21:02,"2,38,715.27/-",SETTLED
TXNA0DFE6101784,2026-07-15 02:07:13,"Rs. 3,63,633.61",SETTLED
TXNA0DFE6103630,2026-07-15 03:11:12,"71,702.09",SETTLED
TXNA0DFE6103412,2026-07-15 10:23:39,"2,85,108.34",SETTLED
TXNA0DFE6102106,2026-07-15 02:11:48,"45,003.15/-",SETTLED
TXNA0DFE6103260,2026-07-15 14:00:18,"Rs. 7,30,828.19",SETTLED
TXNA0DFE6101986,2026-07-15 02:09:35,"6,47,760.96",SETTLED
TXNA0DFE6102248,2026-07-15 14:23:17,"8,33,532.68",SETTLED
TXNA0DFE6100520,2026-07-15 01:34:19,"6,49,485.37/-",SETTLED
TXNA0DFE6101310,2026-07-15 04:39:08,"Rs. 6,36,937.58",SETTLED
TXNA0DFE6101942,2026-07-15 01:54:15,"3,35,343.79",SETTLED
TXNA0DFE6103282,2026-07-15 06:11:26,"6,91,200.78",SETTLED
TXNA0DFE6101391,2026-07-15 07:21:22,"4,53,009.02/-",SETTLED
TXNA0DFE6100140,2026-07-15 12:37:25,"Rs. 5,51,871.36",SETTLED
TXNA0DFE6101712,2026-07-15 15:38:35,"6,17,211.28",SETTLED
TXNA0DFE6102936,2026-07-15 03:30:19,"4,55,250.36",SETTLED
TXNA0DFE6100251,2026-07-15 10:18:00,"7,29,568.30/-",SETTLED
TXNA0DFE6101607,2026-07-15 03:22:46,"Rs. 6,03,768.14",SETTLED
TXNA0DFE6103254,2026-07-15 15:15:58,"1,51,443.87",SETTLED
TXNA0DFE6101082,2026-07-15 13:59:53,"2,74,283.92",SETTLED
TXNA0DFE6101361,2026-07-15 03:27:58,"1,27,465.55/-",SETTLED
TXNA0DFE6102654,2026-07-15 15:57:06,"Rs. 5,70,197.80",SETTLED
TXNA0DFE6101623,2026-07-15 00:50:16,"81,010.33",SETTLED
TXNA0DFE6102472,2026-07-15 02:22:32,"7,34,822.53",SETTLED
TXNA0DFE6102116,2026-07-15 15:05:01,"4,82,950.65/-",SETTLED
TXNA0DFE6101262,2026-07-15 07:42:37,"Rs. 6,26,182.71",SETTLED
TXNA0DFE6102856,2026-07-15 04:44:28,"3,91,092.84",SETTLED
TXNA0DFE6101157,2026-07-15 08:27:10,"5,87,112.98",SETTLED
TXNA0DFE6100815,2026-07-15 09:58:35,"5,66,445.55/-",SETTLED
TXNA0DFE6102826,2026-07-15 04:21:19,"Rs. 8,89,552.99",SETTLED
TXNA0DFE6102483,2026-07-15 06:39:59,"8,89,781.74",SETTLED
TXNA0DFE6100405,2026-07-15 11:11:02,"1,24,661.79",SETTLED
TXNA0DFE6101026,2026-07-15 15:53:58,"2,93,289.43/-",SETTLED
TXNA0DFE6101943,2026-07-15 01:05:30,"Rs. 4,08,440.07",SETTLED
TXNA0DFE6101405,2026-07-15 04:29:44,"78,681.22",SETTLED
TXNA0DFE6100112,2026-07-15 06:59:38,"1,33,399.74",SETTLED
TXNA0DFE6100565,2026-07-15 11:48:09,"2,93,797.88/-",SETTLED
TXNA0DFE6103323,2026-07-15 03:32:26,"Rs. 2,09,685.63",SETTLED
TXNA0DFE6102509,2026-07-15 01:06:39,"75,817.94",SETTLED
TXNA0DFE6100153,2026-07-15 09:20:20,"2,46,584.73",SETTLED
TXNA0DFE6101090,2026-07-15 10:03:14,"49,055.92/-",SETTLED
TXNA0DFE6101493,2026-07-15 14:25:04,"Rs. 1,40,882.87",SETTLED
TXNA0DFE6103799,2026-07-15 12:08:21,"45,795.38",SETTLED
TXNA0DFE6102835,2026-07-15 03:47:57,"7,47,684.47",SETTLED
TXNA0DFE6101138,2026-07-15 15:41:41,"5,95,835.54/-",SETTLED
TXNA0DFE6100856,2026-07-15 10:03:27,"Rs. 3,21,544.88",SETTLED
TXNA0DFE6103426,2026-07-15 13:59:55,"2,42,866.46",SETTLED
TXNA0DFE6103318,2026-07-15 05:42:18,"7,05,551.67",SETTLED
TXNA0DFE6102547,2026-07-15 10:06:39,"97,106.66/-",SETTLED
TXNA0DFE6102425,2026-07-15 00:37:50,"Rs. 43,060.46",SETTLED
TXNA0DFE6102666,2026-07-15 04:09:13,"2,26,073.46",SETTLED
TXNA0DFE6100539,2026-07-15 12:03:38,"7,12,867.26",SETTLED
TXNA0DFE6103126,2026-07-15 07:37:48,"2,09,663.26/-",SETTLED
TXNA0DFE6103250,2026-07-15 06:07:37,"Rs. 8,90,649.51",SETTLED
TXNA0DFE6100981,2026-07-15 01:04:32,"4,54,220.10",SETTLED
TXNA0DFE6102475,2026-07-15 08:53:00,"25,302.63",SETTLED
TXNA0DFE6102705,2026-07-15 07:01:52,"4,46,324.43/-",SETTLED
TXNA0DFE6100291,2026-07-15 03:40:44,"Rs. 6,761.77",SETTLED
TXNA0DFE6100027,2026-07-15 05:42:10,"3,38,862.18",SETTLED
TXNA0DFE6100036,2026-07-15 05:15:41,"5,69,704.59",SETTLED
TXNA0DFE6100167,2026-07-15 00:38:13,"71,921.00/-",SETTLED
TXNA0DFE6101906,2026-07-15 15:33:31,"Rs. 5,15,967.01",SETTLED
TXNA0DFE6103522,2026-07-15 01:23:10,"7,73,548.07",SETTLED
TXNA0DFE6103056,2026-07-15 04:16:49,"6,31,056.20",SETTLED
TXNA0DFE6101734,2026-07-15 03:03:55,"4,73,162.41/-",SETTLED
TXNA0DFE6101525,2026-07-15 12:59:02,"Rs. 2,53,806.43",SETTLED
TXNA0DFE6103715,2026-07-15 02:09:32,"7,26,870.93",SETTLED
TXNA0DFE6100318,2026-07-15 14:36:26,"4,55,461.79",SETTLED
TXNA0DFE6100096,2026-07-15 15:18:08,"3,57,658.18/-",SETTLED
TXNA0DFE6100148,2026-07-15 11:38:35,"Rs. 2,33,675.72",SETTLED
TXNA0DFE6102178,2026-07-15 10:11:57,"8,26,322.60",SETTLED
TXNA0DFE6100381,2026-07-15 13:53:31,"5,34,793.48",SETTLED
TXNA0DFE6103224,2026-07-15 06:48:53,"7,96,524.09/-",SETTLED
TXNA0DFE6100650,2026-07-15 12:24:50,"Rs. 1,87,045.34",SETTLED
TXNA0DFE6101581,2026-07-15 05:05:43,"3,65,266.33",SETTLED
TXNA0DFE6102478,2026-07-15 13:26:08,"2,57,481.18",SETTLED
TXNA0DFE6102521,2026-07-15 11:59:25,"68,148.19/-",SETTLED
TXNA0DFE6103570,2026-07-15 10:42:27,"Rs. 8,48,125.80",SETTLED
TXNA0DFE6100303,2026-07-15 15:05:23,"6,82,998.22",SETTLED
TXNA0DFE6100583,2026-07-15 02:08:08,"5,47,847.83",SETTLED
TXNA0DFE6100660,2026-07-15 02:33:06,"3,25,551.10/-",SETTLED
TXNA0DFE6103391,2026-07-15 03:34:44,"Rs. 79,192.06",SETTLED
TXNA0DFE6101419,2026-07-15 11:08:29,"8,89,517.35",SETTLED
TXNA0DFE6100989,2026-07-15 07:07:07,"7,37,507.21",SETTLED
TXNA0DFE6100363,2026-07-15 02:01:22,"1,31,888.58/-",SETTLED
TXNA0DFE6100644,2026-07-15 11:03:26,"Rs. 1,54,928.53",SETTLED
TXNA0DFE6100951,2026-07-15 09:22:57,"5,55,176.00",SETTLED
TXNA0DFE6101046,2026-07-15 02:24:05,"2,90,756.36",SETTLED
TXNA0DFE6101000,2026-07-15 06:36:19,"6,07,388.81/-",SETTLED
TXNA0DFE6102785,2026-07-15 10:56:13,"Rs. 30,356.51",SETTLED
TXNA0DFE6103078,2026-07-15 07:12:04,"2,25,229.46",SETTLED
TXNA0DFE6101119,2026-07-15 09:24:09,"7,19,094.99",SETTLED
TXNA0DFE6103531,2026-07-15 02:32:46,"4,63,927.41/-",SETTLED
TXNA0DFE6100895,2026-07-15 06:52:40,"Rs. 3,51,500.78",SETTLED
TXNA0DFE6200000,2026-07-15 05:41:01,"53,655.85",SETTLED
TXNA0DFE6103633,2026-07-15 11:14:23,"4,48,115.53",SETTLED
TXNA0DFE6101863,2026-07-15 09:51:40,"3,71,184.02/-",SETTLED
TXNA0DFE6100130,2026-07-15 02:35:59,"Rs. 63,174.32",SETTLED
TXNA0DFE6100385,2026-07-15 01:23:55,"3,86,671.39",SETTLED
TXNA0DFE6100875,2026-07-15 01:59:14,"1,00,774.69",SETTLED
TXNA0DFE6103354,2026-07-15 06:40:05,"5,43,266.57/-",SETTLED
TXNA0DFE6101896,2026-07-15 09:09:43,"Rs. 5,28,731.76",SETTLED
TXNA0DFE6103611,2026-07-15 06:43:55,"4,25,306.09",SETTLED
TXNA0DFE6103294,2026-07-15 16:10:48,"3,22,966.00",SETTLED
TXNA0DFE6103670,2026-07-15 14:04:00,"2,07,717.88/-",SETTLED
TXNA0DFE6100988,2026-07-15 03:35:53,"Rs. 4,93,219.80",SETTLED
TXNA0DFE6103632,2026-07-15 15:27:15,"2,00,850.01",SETTLED
TXNA0DFE6100661,2026-07-15 05:45:06,"43,260.12",SETTLED
TXNA0DFE6101629,2026-07-15 08:01:24,"3,45,525.58/-",SETTLED
TXNA0DFE6101446,2026-07-15 02:53:13,"Rs. 2,82,308.31",SETTLED
TXNA0DFE6100818,2026-07-15 12:14:11,"3,09,948.74",SETTLED
TXNA0DFE6103281,2026-07-15 15:58:57,"2,34,589.03",SETTLED
TXNA0DFE6102255,2026-07-15 01:53:13,"2,88,880.19/-",SETTLED
TXNA0DFE6103066,2026-07-15 02:13:44,"Rs. 2,03,841.56",SETTLED
TXNA0DFE6101064,2026-07-15 14:41:21,"2,25,818.60",SETTLED
TXNA0DFE6103613,2026-07-15 07:35:15,"1,12,005.97",SETTLED
TXNA0DFE6102924,2026-07-15 05:42:52,"6,25,138.43/-",SETTLED
TXNA0DFE6102691,2026-07-15 10:21:19,"Rs. 1,04,154.86",SETTLED
TXNA0DFE6101263,2026-07-15 10:01:37,"83,523.92",SETTLED
TXNA0DFE6102401,2026-07-15 10:53:27,"8,27,490.92",SETTLED
TXNA0DFE6101960,2026-07-15 16:09:14,"7,96,349.03/-",SETTLED
TXNA0DFE6100779,2026-07-15 09:05:42,"Rs. 6,12,212.25",SETTLED
TXNA0DFE6101398,2026-07-15 04:16:17,"4,47,823.89",SETTLED
TXNA0DFE6101453,2026-07-15 06:22:50,"8,87,371.43",SETTLED
TXNA0DFE6100374,2026-07-15 08:22:11,"5,62,210.29/-",SETTLED
TXNA0DFE6100806,2026-07-15 11:22:41,"Rs. 7,67,854.57",SETTLED
TXNA0DFE6102253,2026-07-15 07:12:41,"23,694.95",SETTLED
TXNA0DFE6350012,2026-07-15 18:57:46,"4,03,374.53",SETTLED
TXNA0DFE6101396,2026-07-15 00:33:14,"1,89,580.70/-",SETTLED
TXNA0DFE6101324,2026-07-15 04:26:11,"Rs. 8,06,451.17",SETTLED
TXNA0DFE6101417,2026-07-15 08:26:12,"22,015.57",SETTLED
TXNA0DFE6100472,2026-07-15 13:21:56,"75,404.30",SETTLED
TXNA0DFE6101508,2026-07-15 03:59:29,"7,30,719.17/-",SETTLED
TXNA0DFE6103284,2026-07-15 09:17:53,"Rs. 3,08,982.25",SETTLED
TXNA0DFE6102549,2026-07-15 06:33:31,"1,22,168.47",SETTLED
TXNA0DFE6101612,2026-07-15 03:01:56,"4,48,869.51",SETTLED
TXNA0DFE6102704,2026-07-15 06:07:25,"7,86,017.81/-",SETTLED
TXNA0DFE6103544,2026-07-15 15:01:33,"Rs. 75,290.81",SETTLED
TXNA0DFE6101766,2026-07-15 07:40:44,"7,83,569.31",SETTLED
TXNA0DFE6103616,2026-07-15 12:24:56,"5,91,833.06",SETTLED
TXNA0DFE6103518,2026-07-15 07:49:48,"8,84,165.34/-",SETTLED
TXNA0DFE6103037,2026-07-15 06:00:43,"Rs. 4,37,468.45",SETTLED
TXNA0DFE6103346,2026-07-15 05:32:13,"4,13,288.99",SETTLED
TXNA0DFE6101205,2026-07-15 01:26:57,"48,382.48",SETTLED
TXNA0DFE6100215,2026-07-15 02:09:05,"7,46,704.50/-",SETTLED
TXNA0DFE6100928,2026-07-15 13:12:45,"Rs. 6,63,173.20",SETTLED
TXNA0DFE6101891,2026-07-15 04:50:17,"2,73,006.81",SETTLED
TXNA0DFE6101422,2026-07-15 06:06:39,"4,05,563.82",SETTLED
TXNA0DFE6100798,2026-07-15 12:41:42,"7,67,666.02/-",SETTLED
TXNA0DFE6102470,2026-07-15 11:29:41,"Rs. 2,43,380.41",SETTLED
TXNA0DFE6100625,2026-07-15 13:22:21,"4,43,917.53",SETTLED
TXNA0DFE6103546,2026-07-15 05:58:03,"1,10,533.07",SETTLED
TXNA0DFE6103064,2026-07-15 06:39:48,"6,94,816.86/-",SETTLED
TXNA0DFE6100366,2026-07-15 04:54:51,"Rs. 4,35,572.52",SETTLED
TXNA0DFE6100934,2026-07-15 00:50:37,"5,09,977.59",SETTLED
TXNA0DFE6102084,2026-07-15 05:53:48,"92,447.23",SETTLED
TXNA0DFE6103411,2026-07-15 03:27:23,"6,32,675.39/-",SETTLED
TXNA0DFE6100879,2026-07-15 15:45:38,"Rs. 8,79,199.15",SETTLED
TXNA0DFE6102180,2026-07-15 01:22:19,"2,33,856.20",SETTLED
TXNA0DFE6103008,2026-07-15 11:36:32,"3,27,468.38",SETTLED
TXNA0DFE6101680,2026-07-15 02:08:32,"4,29,571.20/-",SETTLED
TXNA0DFE6100328,2026-07-15 08:37:05,"Rs. 2,86,314.13",SETTLED
TXNA0DFE6102251,2026-07-15 00:59:02,"4,96,207.81",SETTLED
TXNA0DFE6100438,2026-07-15 04:15:36,"4,14,053.49",SETTLED
TXNA0DFE6100967,2026-07-15 10:45:48,"3,85,077.10/-",SETTLED
TXNA0DFE6102380,2026-07-15 10:12:33,"Rs. 2,18,015.04",SETTLED
TXNA0DFE6103147,2026-07-15 12:41:31,"8,32,962.85",SETTLED
TXNA0DFE6100655,2026-07-15 10:07:33,"6,61,965.48",SETTLED
TXNA0DFE6100262,2026-07-15 02:49:33,"4,65,223.91/-",SETTLED
TXNA0DFE6101828,2026-07-15 10:03:35,"Rs. 4,76,570.17",SETTLED
TXNA0DFE6102870,2026-07-15 00:39:37,"7,71,001.83",SETTLED
TXNA0DFE6102556,2026-07-15 07:56:52,"7,19,030.68",SETTLED
TXNA0DFE6100792,2026-07-15 03:14:18,"5,65,308.05/-",SETTLED
TXNA0DFE6103536,2026-07-15 02:51:39,"Rs. 2,78,709.19",SETTLED
TXNA0DFE6100395,2026-07-15 15:53:50,"22,813.40",SETTLED
TXNA0DFE6102609,2026-07-15 13:20:19,"4,02,896.98",SETTLED
TXNA0DFE6101359,2026-07-15 04:52:33,"6,24,506.82/-",SETTLED
TXNA0DFE6103108,2026-07-15 15:37:42,"Rs. 1,59,506.41",SETTLED
TXNA0DFE6100983,2026-07-15 01:40:24,"6,45,221.97",SETTLED
TXNA0DFE6100957,2026-07-15 10:28:06,"7,02,549.29",SETTLED
TXNA0DFE6500005,2026-07-15 13:42:20,"85,029.24/-",
TXNA0DFE6100587,2026-07-15 07:20:16,"Rs. 8,45,695.02",SETTLED
TXNA0DFE6100078,2026-07-15 07:46:10,"6,52,185.56",SETTLED
TXNA0DFE6102808,2026-07-15 14:46:50,"36,092.37",SETTLED
TXNA0DFE6103266,2026-07-15 12:38:57,"6,56,435.34/-",SETTLED
TXNA0DFE6101380,2026-07-15 05:04:21,"Rs. 5,30,881.41",SETTLED
TXNA0DFE6103661,2026-07-15 08:19:39,"6,04,420.00",SETTLED
TXNA0DFE6100892,2026-07-15 14:06:18,"7,39,107.81",SETTLED
TXNA0DFE6101203,2026-07-15 08:42:37,"35,692.77/-",SETTLED
TXNA0DFE6101800,2026-07-15 01:29:47,"Rs. 5,09,242.45",SETTLED
TXNA0DFE6101072,2026-07-15 05:48:18,"4,40,871.57",SETTLED
TXNA0DFE6100535,2026-07-15 14:19:22,"4,32,636.37",SETTLED
TXNA0DFE6101761,2026-07-15 12:40:00,"6,27,275.00/-",SETTLED
TXNA0DFE6101811,2026-07-15 14:18:37,"Rs. 4,81,663.82",SETTLED
TXNA0DFE6100566,2026-07-15 03:02:05,"41,359.92",SETTLED
TXNA0DFE6100990,2026-07-15 06:33:44,"7,16,034.49",SETTLED
TXNA0DFE6100249,2026-07-15 11:36:13,"69,217.80/-",SETTLED
TXNA0DFE6102283,2026-07-15 12:02:37,"Rs. 3,06,562.78",SETTLED
TXNA0DFE6101578,2026-07-15 01:42:19,"7,09,742.41",SETTLED
TXNA0DFE6101651,2026-07-15 16:22:14,"8,09,992.20",SETTLED
TXNA0DFE6101176,2026-07-15 04:24:12,"22,507.77/-",SETTLED
TXNA0DFE6100050,2026-07-15 00:36:28,"Rs. 7,07,744.45",SETTLED
TXNA0DFE6100083,2026-07-15 02:19:10,"3,48,200.74",SETTLED
TXNA0DFE6100935,2026-07-15 14:54:40,"4,71,383.49",SETTLED
TXNA0DFE6103164,2026-07-15 03:06:40,"1,26,383.55/-",SETTLED
TXNA0DFE6100193,2026-07-15 13:08:02,"Rs. 3,16,701.38",SETTLED
TXNA0DFE6102372,2026-07-15 03:11:45,"4,74,797.94",SETTLED
TXNA0DFE6100855,2026-07-15 02:27:50,"2,82,760.40",SETTLED
TXNA0DFE6102457,2026-07-15 02:06:49,"8,48,009.98/-",SETTLED
TXNA0DFE6100315,2026-07-15 04:12:35,"Rs. 3,49,522.02",SETTLED
TXNA0DFE6500004,2026-07-15 13:30:19,"1,68,390.46",
TXNA0DFE6102304,2026-07-15 15:05:35,"2,73,990.90",SETTLED
TXNA0DFE6100373,2026-07-15 06:45:17,"43,045.04/-",SETTLED
TXNA0DFE6101464,2026-07-15 15:10:45,"Rs. 8,88,327.30",SETTLED
TXNA0DFE6101683,2026-07-15 10:29:24,"17,680.30",SETTLED
TXNA0DFE6103001,2026-07-15 15:53:57,"4,74,817.95",SETTLED
TXNA0DFE6102129,2026-07-15 10:55:10,"14,639.44/-",SETTLED
TXNA0DFE6100267,2026-07-15 03:12:14,"Rs. 7,09,390.70",SETTLED
TXNA0DFE6102379,2026-07-15 08:35:37,"1,50,582.75",SETTLED
TXNA0DFE6103472,2026-07-15 07:51:00,"3,06,733.24",SETTLED
TXNA0DFE6101250,2026-07-15 06:06:06,"7,08,777.10/-",SETTLED
TXNA0DFE6103640,2026-07-15 16:29:45,"Rs. 3,90,042.99",SETTLED
TXNA0DFE6102091,2026-07-15 04:06:12,"8,27,816.75",SETTLED
TXNA0DFE6101002,2026-07-15 07:53:31,"4,64,208.02",SETTLED
TXNA0DFE6101268,2026-07-15 15:14:40,"1,34,796.42/-",SETTLED
TXNA0DFE6100194,2026-07-15 14:56:11,"Rs. 29,288.69",SETTLED
TXNA0DFE6101742,2026-07-15 13:24:35,"8,21,779.78",SETTLED
TXNA0DFE6103297,2026-07-15 12:13:35,"5,49,174.84",SETTLED
TXNA0DFE6101565,2026-07-15 11:13:18,"7,49,631.84/-",SETTLED
TXNA0DFE6100257,2026-07-15 04:59:55,"Rs. 5,25,192.00",SETTLED
TXNA0DFE6103339,2026-07-15 04:23:16,"7,15,011.29",SETTLED
TXNA0DFE6100912,2026-07-15 08:59:46,"52,113.89",SETTLED
TXNA0DFE6102864,2026-07-15 07:32:25,"3,69,640.01/-",SETTLED
TXNA0DFE6102396,2026-07-15 03:02:13,"Rs. 2,75,156.19",SETTLED
TXNA0DFE6103624,2026-07-15 05:45:14,"10,877.19",SETTLED
TXNA0DFE6100317,2026-07-15 14:01:32,"7,84,142.30",SETTLED
TXNA0DFE6101353,2026-07-15 03:41:08,"9,406.85/-",SETTLED
TXNA0DFE6100980,2026-07-15 13:00:40,"Rs. 5,65,974.87",SETTLED
TXNA0DFE6101796,2026-07-15 13:51:40,"2,48,312.03",SETTLED
TXNA0DFE6103728,2026-07-15 04:32:28,"7,04,882.86",SETTLED
TXNA0DFE6100956,2026-07-15 08:31:53,"89,808.60/-",SETTLED
TXNA0DFE6101037,2026-07-15 03:51:39,"Rs. 8,94,132.99",SETTLED
TXNA0DFE6101621,2026-07-15 11:35:47,"1,74,939.26",SETTLED
TXNA0DFE6102876,2026-07-15 06:24:19,"7,48,377.29",SETTLED
TXNA0DFE6100835,2026-07-15 12:25:50,"6,65,955.69/-",SETTLED
TXNA0DFE6103499,2026-07-15 01:57:00,"Rs. 5,25,551.24",SETTLED
TXNA0DFE6101032,2026-07-15 10:27:27,"1,22,890.99",SETTLED
TXNA0DFE6100443,2026-07-15 13:49:22,"1,53,033.97",SETTLED
TXNA0DFE6102133,2026-07-15 16:14:27,"14,446.32/-",SETTLED
TXNA0DFE6102113,2026-07-15 01:52:41,"Rs. 2,49,298.64",SETTLED
TXNA0DFE6101576,2026-07-15 01:36:23,"1,11,673.41",SETTLED
TXNA0DFE6103175,2026-07-15 11:26:55,"7,29,355.08",SETTLED
TXNA0DFE6103295,2026-07-15 10:52:01,"2,80,898.87/-",SETTLED
TXNA0DFE6101389,2026-07-15 03:55:05,"Rs. 2,71,483.24",SETTLED
TXNA0DFE6103248,2026-07-15 05:20:26,"2,94,792.18",SETTLED
TXNA0DFE6102393,2026-07-15 09:37:44,"1,35,663.65",SETTLED
TXNA0DFE6103044,2026-07-15 06:09:57,"8,60,198.13/-",SETTLED
TXNA0DFE6102945,2026-07-15 05:20:18,"Rs. 4,13,125.94",SETTLED
TXNA0DFE6102740,2026-07-15 12:59:21,"2,31,211.19",SETTLED
TXNA0DFE6100109,2026-07-15 04:34:22,"5,68,254.56",SETTLED
TXNA0DFE6100704,2026-07-15 09:38:38,"54,121.96/-",SETTLED
TXNA0DFE6101104,2026-07-15 10:52:06,"Rs. 1,16,220.95",SETTLED
TXNA0DFE6102617,2026-07-15 11:27:13,"4,67,111.74",SETTLED
TXNA0DFE6102792,2026-07-15 10:02:59,"6,70,799.87",SETTLED
TXNA0DFE6101320,2026-07-15 01:25:11,"7,60,200.82/-",SETTLED
TXNA0DFE6102900,2026-07-15 01:32:46,"Rs. 5,80,595.03",SETTLED
TXNA0DFE6103032,2026-07-15 12:42:38,"6,24,337.84",SETTLED
TXNA0DFE6101803,2026-07-15 02:51:51,"2,41,720.93",SETTLED
TXNA0DFE6101938,2026-07-15 14:47:53,"2,28,692.47/-",SETTLED
TXNA0DFE6100801,2026-07-15 13:54:35,"Rs. 8,92,453.62",SETTLED
TXNA0DFE6101813,2026-07-15 00:37:51,"6,93,826.69",SETTLED
TXNA0DFE6103513,2026-07-15 12:10:05,"4,67,690.80",SETTLED
TXNA0DFE6101365,2026-07-15 02:03:47,"2,51,654.04/-",SETTLED
TXNA0DFE6103048,2026-07-15 09:24:48,"Rs. 4,82,852.24",SETTLED
TXNA0DFE6101451,2026-07-15 03:03:15,"2,21,995.92",SETTLED
TXNA0DFE6101207,2026-07-15 01:51:21,"8,95,910.62",SETTLED
TXNA0DFE6102530,2026-07-15 06:34:01,"8,45,906.37/-",SETTLED
TXNA0DFE6100747,2026-07-15 07:54:49,"Rs. 8,20,788.06",SETTLED
TXNA0DFE6102115,2026-07-15 13:38:54,"1,22,708.40",SETTLED
TXNA0DFE6103705,2026-07-15 11:15:50,"4,64,840.04",SETTLED
TXNA0DFE6100095,2026-07-15 15:36:28,"7,22,961.97/-",SETTLED
TXNA0DFE6103253,2026-07-15 12:30:12,"Rs. 3,20,701.62",SETTLED
TXNA0DFE6100453,2026-07-15 02:45:50,"1,64,688.68",SETTLED
TXNA0DFE6102028,2026-07-15 13:50:07,"4,39,538.34",SETTLED
TXNA0DFE6103298,2026-07-15 13:14:31,"3,20,712.23/-",SETTLED
TXNA0DFE6103349,2026-07-15 00:31:08,"Rs. 6,31,323.45",SETTLED
TXNA0DFE6100402,2026-07-15 13:20:23,"49,274.23",SETTLED
TXNA0DFE6101779,2026-07-15 05:47:37,"6,06,538.25",SETTLED
TXNA0DFE6101563,2026-07-15 15:57:31,"6,69,787.09/-",SETTLED
TXNA0DFE6101060,2026-07-15 09:39:22,"Rs. 6,45,980.02",SETTLED
TXNA0DFE6100233,2026-07-15 06:13:27,"1,67,573.92",SETTLED
TXNA0DFE6101773,2026-07-15 06:00:46,"7,33,681.60",SETTLED
TXNA0DFE6101360,2026-07-15 05:47:03,"1,55,809.28/-",SETTLED
TXNA0DFE6103072,2026-07-15 08:10:55,"Rs. 1,89,265.84",SETTLED
TXNA0DFE6100750,2026-07-15 03:10:22,"5,34,298.18",SETTLED
TXNA0DFE6103480,2026-07-15 01:00:22,"5,26,885.85",SETTLED
TXNA0DFE6102862,2026-07-15 06:44:18,"4,41,656.39/-",SETTLED
TXNA0DFE6100552,2026-07-15 08:18:25,"Rs. 1,40,117.67",SETTLED
TXNA0DFE6101244,2026-07-15 12:15:38,"1,97,392.97",SETTLED
TXNA0DFE6100404,2026-07-15 12:26:17,"8,65,399.17",SETTLED
TXNA0DFE6100307,2026-07-15 00:41:54,"3,07,758.44/-",SETTLED
TXNA0DFE6102837,2026-07-15 13:05:20,"Rs. 8,981.47",SETTLED
TXNA0DFE6101512,2026-07-15 10:54:15,"5,03,441.32",SETTLED
TXNA0DFE6101255,2026-07-15 11:00:42,"2,65,224.97",SETTLED
TXNA0DFE6102828,2026-07-15 01:51:50,"3,87,112.28/-",SETTLED
TXNA0DFE6103244,2026-07-15 10:52:38,"Rs. 2,24,735.52",SETTLED
TXNA0DFE6101047,2026-07-15 11:13:54,"2,42,494.58",SETTLED
TXNA0DFE6100735,2026-07-15 14:00:38,"4,60,815.96",SETTLED
TXNA0DFE6101792,2026-07-15 12:51:11,"48,193.56/-",SETTLED
TXNA0DFE6102035,2026-07-15 01:19:44,"Rs. 3,17,287.56",SETTLED
TXNA0DFE6102550,2026-07-15 14:04:02,"8,14,487.62",SETTLED
TXNA0DFE6100331,2026-07-15 13:47:36,"2,89,872.31",SETTLED
TXNA0DFE6100046,2026-07-15 10:50:43,"7,62,370.38/-",SETTLED
TXNA0DFE6102421,2026-07-15 07:06:59,"Rs. 5,22,037.00",SETTLED
TXNA0DFE6102227,2026-07-15 12:43:32,"40,680.97",SETTLED
TXNA0DFE6102485,2026-07-15 09:47:21,"5,23,704.61",SETTLED
TXNA0DFE6101426,2026-07-15 15:17:10,"4,91,270.38/-",SETTLED
TXNA0DFE6100391,2026-07-15 15:27:57,"Rs. 5,95,296.03",SETTLED
TXNA0DFE6100066,2026-07-15 13:36:09,"8,25,907.15",SETTLED
TXNA0DFE6101211,2026-07-15 03:40:56,"8,98,299.28",SETTLED
TXNA0DFE6103306,2026-07-15 08:46:21,"8,54,150.42/-",SETTLED
TXNA0DFE6102712,2026-07-15 11:19:55,"Rs. 7,11,527.12",SETTLED
TXNA0DFE6101895,2026-07-15 13:01:16,"6,26,126.51",SETTLED
TXNA0DFE6100370,2026-07-15 03:48:42,"1,55,875.41",SETTLED
TXNA0DFE6100595,2026-07-15 13:35:21,"4,24,220.11/-",SETTLED
TXNA0DFE6102141,2026-07-15 13:58:10,"Rs. 1,52,766.03",SETTLED
TXNA0DFE6100163,2026-07-15 14:12:08,"3,39,639.42",SETTLED
TXNA0DFE6102819,2026-07-15 13:45:16,"8,35,864.58",SETTLED
TXNA0DFE6102586,2026-07-15 06:00:54,"50,354.13/-",SETTLED
TXNA0DFE6103507,2026-07-15 12:08:28,"Rs. 1,01,533.25",SETTLED
TXNA0DFE6103210,2026-07-15 08:31:43,"1,90,892.58",SETTLED
TXNA0DFE6100483,2026-07-15 14:23:52,"3,52,710.31",SETTLED
TXNA0DFE6103334,2026-07-15 04:54:49,"5,91,848.50/-",SETTLED
TXNA0DFE6100694,2026-07-15 15:59:56,"Rs. 5,40,824.02",SETTLED
TXNA0DFE6100576,2026-07-15 15:08:24,"8,55,926.14",SETTLED
TXNA0DFE6101909,2026-07-15 08:04:13,"3,08,558.42",SETTLED
TXNA0DFE6102072,2026-07-15 06:33:41,"3,63,743.64/-",SETTLED
TXNA0DFE6101983,2026-07-15 06:05:49,"Rs. 5,55,382.52",SETTLED
TXNA0DFE6103016,2026-07-15 04:21:49,"5,18,766.09",SETTLED
TXNA0DFE6102238,2026-07-15 02:37:30,"4,55,262.05",SETTLED
TXNA0DFE6100717,2026-07-15 13:04:45,"7,63,168.80/-",SETTLED
TXNA0DFE6103740,2026-07-15 16:11:08,"Rs. 6,70,815.75",SETTLED
TXNA0DFE6102209,2026-07-15 04:46:25,"88,050.92",SETTLED
TXNA0DFE6103096,2026-07-15 01:17:14,"4,84,711.25",SETTLED
TXNA0DFE6103033,2026-07-15 14:07:34,"3,84,855.30/-",SETTLED
TXNA0DFE6102363,2026-07-15 05:51:56,"Rs. 8,98,180.61",SETTLED
TXNA0DFE6100714,2026-07-15 01:31:36,"8,54,985.76",SETTLED
TXNA0DFE6102575,2026-07-15 10:08:51,"72,028.15",SETTLED
TXNA0DFE6102736,2026-07-15 07:57:27,"8,92,683.94/-",SETTLED
TXNA0DFE6100637,2026-07-15 07:06:14,"Rs. 2,94,697.32",SETTLED
TXNA0DFE6100341,2026-07-15 11:49:20,"6,83,770.61",SETTLED
TXNA0DFE6100070,2026-07-15 06:48:07,"8,49,227.28",SETTLED
TXNA0DFE6100605,2026-07-15 05:42:50,"5,75,031.80/-",SETTLED
TXNA0DFE6101663,2026-07-15 07:30:58,"Rs. 5,27,845.07",SETTLED
TXNA0DFE6101624,2026-07-15 13:29:52,"6,03,162.51",SETTLED
TXNA0DFE6100780,2026-07-15 12:23:18,"5,53,881.98",SETTLED
TXNA0DFE6102301,2026-07-15 03:02:47,"4,88,454.19/-",SETTLED
TXNA0DFE6101475,2026-07-15 02:22:16,"Rs. 54,138.91",SETTLED
TXNA0DFE6103235,2026-07-15 00:41:58,"7,25,662.74",SETTLED
TXNA0DFE6103743,2026-07-15 02:20:38,"1,20,181.74",SETTLED
TXNA0DFE6102759,2026-07-15 03:29:32,"4,09,886.96/-",SETTLED
TXNA0DFE6103264,2026-07-15 02:48:19,"Rs. 5,35,241.91",SETTLED
TXNA0DFE6101383,2026-07-15 06:00:10,"3,36,905.29",SETTLED
TXNA0DFE6101238,2026-07-15 02:04:35,"3,25,601.29",SETTLED
TXNA0DFE6101163,2026-07-15 01:21:55,"3,48,264.91/-",SETTLED
TXNA0DFE6103080,2026-07-15 05:37:12,"Rs. 5,66,812.56",SETTLED
TXNA0DFE6103141,2026-07-15 14:20:08,"27,947.98",SETTLED
TXNA0DFE6101853,2026-07-15 06:28:19,"6,50,010.09",SETTLED
TXNA0DFE6102125,2026-07-15 10:47:24,"7,57,142.14/-",SETTLED
TXNA0DFE6103711,2026-07-15 09:05:28,"Rs. 3,33,184.45",SETTLED
TXNA0DFE6101923,2026-07-15 12:30:02,"3,88,610.31",SETTLED
TXNA0DFE6101988,2026-07-15 14:19:24,"59,051.54",SETTLED
TXNA0DFE6102702,2026-07-15 14:30:10,"2,35,086.69/-",SETTLED
TXNA0DFE6101291,2026-07-15 02:06:13,"Rs. 6,04,775.12",SETTLED
TXNA0DFE6102552,2026-07-15 05:13:23,"8,03,130.75",SETTLED
TXNA0DFE6102332,2026-07-15 06:40:29,"4,79,512.33",SETTLED
TXNA0DFE6101924,2026-07-15 04:41:58,"2,81,297.79/-",SETTLED
TXNA0DFE6101985,2026-07-15 16:00:36,"Rs. 4,20,200.46",SETTLED
TXNA0DFE6100632,2026-07-15 11:54:59,"1,21,831.33",SETTLED
TXNA0DFE6101395,2026-07-15 05:54:12,"1,81,268.36",SETTLED
TXNA0DFE6100134,2026-07-15 11:38:53,"5,16,745.21/-",SETTLED
TXNA0DFE6100881,2026-07-15 05:48:40,"Rs. 8,20,345.57",SETTLED
TXNA0DFE6100768,2026-07-15 07:44:34,"8,71,762.58",SETTLED
TXNA0DFE6101831,2026-07-15 13:04:46,"4,34,174.97",SETTLED
TXNA0DFE6100862,2026-07-15 11:09:46,"1,03,309.86/-",SETTLED
TXNA0DFE6103216,2026-07-15 07:35:53,"Rs. 1,15,760.06",SETTLED
TXNA0DFE6100920,2026-07-15 05:14:56,"6,45,555.56",SETTLED
TXNA0DFE6103494,2026-07-15 04:19:44,"89,861.28",SETTLED
TXNA0DFE6103642,2026-07-15 08:21:55,"2,03,578.24/-",SETTLED
TXNA0DFE6100942,2026-07-15 14:01:56,"Rs. 6,68,889.82",SETTLED
TXNA0DFE6102284,2026-07-15 04:01:35,"2,69,440.77",SETTLED
TXNA0DFE6100019,2026-07-15 08:54:12,"7,19,553.30",SETTLED
TXNA0DFE6103508,2026-07-15 05:21:08,"8,69,645.27/-",SETTLED
TXNA0DFE6100899,2026-07-15 07:39:36,"Rs. 3,51,497.26",SETTLED
TXNA0DFE6101306,2026-07-15 02:55:22,"5,26,651.64",SETTLED
TXNA0DFE6101247,2026-07-15 09:54:23,"3,63,909.41",SETTLED
TXNA0DFE6103466,2026-07-15 07:28:01,"82,767.73/-",SETTLED
TXNA0DFE6100589,2026-07-15 09:40:35,"Rs. 7,190.25",SETTLED
TXNA0DFE6102646,2026-07-15 10:23:11,"1,94,394.86",SETTLED
TXNA0DFE6103353,2026-07-15 12:10:13,"3,06,354.60",SETTLED
TXNA0DFE6103114,2026-07-15 11:55:45,"8,91,275.80/-",SETTLED
TXNA0DFE6100415,2026-07-15 10:21:07,"Rs. 6,97,189.78",SETTLED
TXNA0DFE6103128,2026-07-15 16:25:49,"6,59,011.66",SETTLED
TXNA0DFE6100490,2026-07-15 07:51:37,"5,16,461.38",SETTLED
TXNA0DFE6101424,2026-07-15 07:39:44,"6,35,563.89/-",SETTLED
TXNA0DFE6101285,2026-07-15 12:30:43,"Rs. 5,75,667.19",SETTLED
TXNA0DFE6101611,2026-07-15 09:54:33,"1,61,759.56",SETTLED
TXNA0DFE6102806,2026-07-15 10:34:20,"1,06,597.00",SETTLED
TXNA0DFE6500006,2026-07-15 14:12:47,"2,36,923.64/-",
TXNA0DFE6103023,2026-07-15 12:10:57,"Rs. 7,84,413.21",SETTLED
TXNA0DFE6103335,2026-07-15 14:38:48,"6,38,639.75",SETTLED
TXNA0DFE6102433,2026-07-15 04:13:00,"5,42,035.72",SETTLED
TXNA0DFE6100949,2026-07-15 02:16:54,"8,88,642.12/-",SETTLED
TXNA0DFE6100025,2026-07-15 00:56:18,"Rs. 2,99,312.75",SETTLED
TXNA0DFE6102673,2026-07-15 12:52:42,"5,13,222.56",SETTLED
TXNA0DFE6102698,2026-07-15 13:53:54,"2,47,787.19",SETTLED
TXNA0DFE6100592,2026-07-15 00:48:47,"2,50,450.25/-",SETTLED
TXNA0DFE6101965,2026-07-15 11:36:57,"Rs. 4,46,928.20",SETTLED
TXNA0DFE6100110,2026-07-15 08:12:06,"5,57,876.27",SETTLED
TXNA0DFE6102128,2026-07-15 16:03:33,"8,02,487.73",SETTLED
TXNA0DFE6100277,2026-07-15 07:06:38,"7,21,402.29/-",SETTLED
TXNA0DFE6101606,2026-07-15 16:03:49,"Rs. 5,10,162.65",SETTLED
TXNA0DFE6102652,2026-07-15 10:12:15,"5,92,838.29",SETTLED
TXNA0DFE6102829,2026-07-15 16:07:45,"2,47,864.40",SETTLED
TXNA0DFE6102450,2026-07-15 08:30:48,"2,61,743.05/-",SETTLED
TXNA0DFE6101486,2026-07-15 03:24:04,"Rs. 2,44,462.15",SETTLED
TXNA0DFE6103751,2026-07-15 03:01:22,"4,84,278.23",SETTLED
TXNA0DFE6102696,2026-07-15 02:36:29,"2,19,597.02",SETTLED
TXNA0DFE6100278,2026-07-15 02:05:30,"94,974.47/-",SETTLED
TXNA0DFE6100292,2026-07-15 16:15:39,"Rs. 8,64,454.49",SETTLED
TXNA0DFE6100090,2026-07-15 05:47:22,"36,290.53",SETTLED
TXNA0DFE6100569,2026-07-15 06:18:12,"5,66,062.34",SETTLED
TXNA0DFE6102518,2026-07-15 09:20:41,"27,934.09/-",SETTLED
TXNA0DFE6100218,2026-07-15 08:32:29,"Rs. 6,54,570.85",SETTLED
TXNA0DFE6102636,2026-07-15 09:27:58,"4,11,505.30",SETTLED
TXNA0DFE6100556,2026-07-15 14:59:24,"8,70,215.27",SETTLED
TXNA0DFE6101025,2026-07-15 15:08:36,"4,50,019.38/-",SETTLED
TXNA0DFE6100013,2026-07-15 07:45:37,"Rs. 2,84,259.00",SETTLED
TXNA0DFE6100635,2026-07-15 16:05:21,"3,69,519.87",SETTLED
TXNA0DFE6102561,2026-07-15 09:24:50,"5,67,725.11",SETTLED
TXNA0DFE6102488,2026-07-15 01:38:11,"8,67,376.73/-",SETTLED
TXNA0DFE6102591,2026-07-15 00:37:35,"Rs. 4,65,339.18",SETTLED
TXNA0DFE6100526,2026-07-15 14:49:19,"59,546.33",SETTLED
TXNA0DFE6500000,2026-07-15 13:56:34,"2,19,719.35",
TXNA0DFE6100408,2026-07-15 12:57:57,"5,92,744.26/-",SETTLED
TXNA0DFE6101212,2026-07-15 15:12:46,"Rs. 8,26,312.30",SETTLED
TXNA0DFE6103454,2026-07-15 09:26:45,"4,15,515.08",SETTLED
TXNA0DFE6101180,2026-07-15 12:57:19,"4,45,877.62",SETTLED
TXNA0DFE6102416,2026-07-15 10:38:39,"8,75,185.39/-",SETTLED
TXNA0DFE6100836,2026-07-15 16:21:55,"Rs. 5,67,830.31",SETTLED
TXNA0DFE6102494,2026-07-15 06:37:35,"7,81,588.86",SETTLED
TXNA0DFE6103497,2026-07-15 04:59:06,"1,64,204.03",SETTLED
TXNA0DFE6101101,2026-07-15 08:56:47,"1,21,974.36/-",SETTLED
TXNA0DFE6102858,2026-07-15 08:40:25,"Rs. 5,33,848.58",SETTLED
TXNA0DFE6100216,2026-07-15 10:48:37,"7,41,551.53",SETTLED
TXNA0DFE6100188,2026-07-15 13:55:46,"3,75,340.52",SETTLED
TXNA0DFE6100545,2026-07-15 01:15:01,"8,74,850.13/-",SETTLED
TXNA0DFE6100451,2026-07-15 00:41:37,"Rs. 1,13,910.61",SETTLED
TXNA0DFE6102047,2026-07-15 14:53:21,"8,29,636.73",SETTLED
TXNA0DFE6103390,2026-07-15 10:34:21,"3,52,326.62",SETTLED
TXNA0DFE6100192,2026-07-15 10:31:57,"62,501.82/-",SETTLED
TXNA0DFE6101826,2026-07-15 16:21:54,"Rs. 3,77,195.34",SETTLED
TXNA0DFE6102427,2026-07-15 00:41:02,"3,79,555.33",SETTLED
TXNA0DFE6103551,2026-07-15 16:14:37,"1,44,040.05",SETTLED
TXNA0DFE6101695,2026-07-15 07:34:49,"6,19,559.41/-",SETTLED
TXNA0DFE6101751,2026-07-15 06:52:45,"Rs. 2,73,124.36",SETTLED
TXNA0DFE6100001,2026-07-15 16:12:56,"7,15,511.92",SETTLED
TXNA0DFE6103440,2026-07-15 05:36:49,"23,644.44",SETTLED
TXNA0DFE6103202,2026-07-15 06:23:31,"4,27,771.69/-",SETTLED
TXNA0DFE6100877,2026-07-15 11:20:00,"Rs. 2,94,542.60",SETTLED
TXNA0DFE6102525,2026-07-15 09:02:59,"1,54,235.63",SETTLED
TXNA0DFE6102991,2026-07-15 12:11:36,"5,30,428.96",SETTLED
TXNA0DFE6102418,2026-07-15 00:37:58,"5,97,013.64/-",SETTLED
TXNA0DFE6100150,2026-07-15 12:30:44,"Rs. 59,975.38",SETTLED
TXNA0DFE6102048,2026-07-15 15:54:48,"8,77,361.18",SETTLED
TXNA0DFE6101945,2026-07-15 16:09:09,"3,03,457.05",SETTLED
TXNA0DFE6100897,2026-07-15 12:49:29,"2,67,624.64/-",SETTLED
TXNA0DFE6300006,2026-07-14 22:40:59,"Rs. 1,35,807.35",SETTLED
TXNA0DFE6103029,2026-07-15 07:24:49,"6,33,679.43",SETTLED
TXNA0DFE6101812,2026-07-15 16:15:31,"6,75,471.76",SETTLED
TXNA0DFE6103591,2026-07-15 02:38:05,"5,42,597.31/-",SETTLED
TXNA0DFE6100455,2026-07-15 13:50:53,"Rs. 1,46,816.56",SETTLED
TXNA0DFE6300002,2026-07-14 22:01:17,"2,19,299.70",SETTLED
TXNA0DFE6100113,2026-07-15 10:07:20,"93,719.95",SETTLED
TXNA0DFE6102732,2026-07-15 02:51:25,"2,57,147.75/-",SETTLED
TXNA0DFE6103233,2026-07-15 09:11:39,"Rs. 3,57,640.37",SETTLED
TXNA0DFE6100703,2026-07-15 03:37:38,"8,35,605.98",SETTLED
TXNA0DFE6101168,2026-07-15 01:03:17,"92,654.73",SETTLED
TXNA0DFE6102980,2026-07-15 09:27:58,"6,23,961.99/-",SETTLED
TXNA0DFE6100852,2026-07-15 06:03:26,"Rs. 1,08,399.14",SETTLED
TXNA0DFE6103131,2026-07-15 09:11:22,"2,47,439.68",SETTLED
TXNA0DFE6100960,2026-07-15 08:42:49,"4,72,766.51",SETTLED
TXNA0DFE6300019,2026-07-14 19:24:09,"1,56,637.36/-",SETTLED
TXNA0DFE6100024,2026-07-15 05:59:11,"Rs. 5,52,609.91",SETTLED
TXNA0DFE6101096,2026-07-15 13:48:30,"8,88,463.41",SETTLED
TXNA0DFE6101631,2026-07-15 14:14:47,"1,61,535.20",SETTLED
TXNA0DFE6103172,2026-07-15 14:12:52,"3,90,135.96/-",SETTLED
TXNA0DFE6101679,2026-07-15 14:04:10,"Rs. 2,57,176.04",SETTLED
TXNA0DFE6101495,2026-07-15 05:37:30,"6,17,731.66",SETTLED
TXNA0DFE6102041,2026-07-15 13:31:30,"3,78,248.51",SETTLED
TXNA0DFE6102218,2026-07-15 09:32:07,"7,71,200.10/-",SETTLED
TXNA0DFE6102579,2026-07-15 11:53:21,"Rs. 8,89,403.15",SETTLED
TXNA0DFE6100585,2026-07-15 10:50:20,"1,16,987.37",SETTLED
TXNA0DFE6102453,2026-07-15 11:59:04,"6,34,856.75",SETTLED
TXNA0DFE6102154,2026-07-15 02:24:00,"8,09,503.59/-",SETTLED
TXNA0DFE6101533,2026-07-15 15:55:07,"Rs. 3,59,350.57",SETTLED
TXNA0DFE6102224,2026-07-15 01:03:28,"6,81,208.11",SETTLED
TXNA0DFE6101795,2026-07-15 14:43:18,"8,84,066.95",SETTLED
TXNA0DFE6101470,2026-07-15 12:09:26,"55,523.67/-",SETTLED
TXNA0DFE6102202,2026-07-15 14:55:45,"Rs. 8,84,873.07",SETTLED
TXNA0DFE6100783,2026-07-15 05:43:17,"7,89,966.76",SETTLED
TXNA0DFE6100077,2026-07-15 13:54:51,"1,62,667.41",SETTLED
TXNA0DFE6103360,2026-07-15 08:16:14,"3,07,760.14/-",SETTLED
TXNA0DFE6102490,2026-07-15 15:45:06,"Rs. 5,94,338.26",SETTLED
TXNA0DFE6101465,2026-07-15 03:03:43,"7,45,796.33",SETTLED
TXNA0DFE6102600,2026-07-15 00:44:41,"2,68,838.06",SETTLED
TXNA0DFE6100591,2026-07-15 11:52:55,"2,58,740.24/-",SETTLED
TXNA0DFE6103590,2026-07-15 02:27:14,"Rs. 2,58,326.28",SETTLED
TXNA0DFE6103296,2026-07-15 10:15:48,"5,06,521.88",SETTLED
TXNA0DFE6103150,2026-07-15 06:38:05,"7,56,719.16",SETTLED
TXNA0DFE6102800,2026-07-15 14:04:39,"3,74,740.25/-",SETTLED
TXNA0DFE6102278,2026-07-15 15:48:02,"Rs. 5,44,155.06",SETTLED
TXNA0DFE6100261,2026-07-15 15:00:10,"1,26,901.62",SETTLED
TXNA0DFE6103765,2026-07-15 12:08:17,"5,51,150.16",SETTLED
TXNA0DFE6103406,2026-07-15 14:25:13,"3,61,744.80/-",SETTLED
TXNA0DFE6101378,2026-07-15 12:17:43,"Rs. 15,561.61",SETTLED
TXNA0DFE6100831,2026-07-15 10:11:42,"38,547.10",SETTLED
TXNA0DFE6102947,2026-07-15 05:04:25,"5,54,980.98",SETTLED
TXNA0DFE6101345,2026-07-15 13:49:19,"8,40,362.78/-",SETTLED
TXNA0DFE6101904,2026-07-15 02:08:05,"Rs. 4,49,892.03",SETTLED
TXNA0DFE6103010,2026-07-15 13:31:57,"7,54,383.39",SETTLED
TXNA0DFE6101400,2026-07-15 10:10:00,"2,88,419.09",SETTLED
TXNA0DFE6102343,2026-07-15 14:29:03,"6,47,857.51/-",SETTLED
TXNA0DFE6101386,2026-07-15 08:37:09,"Rs. 3,58,143.78",SETTLED
TXNA0DFE6103243,2026-07-15 12:21:19,"6,17,939.26",SETTLED
TXNA0DFE6101500,2026-07-15 02:22:00,"7,12,494.79",SETTLED
TXNA0DFE6103685,2026-07-15 03:31:42,"1,88,677.06/-",SETTLED
TXNA0DFE6100851,2026-07-15 04:00:38,"Rs. 2,15,332.69",SETTLED
TXNA0DFE6100968,2026-07-15 13:17:01,"5,47,060.13",SETTLED
TXNA0DFE6101199,2026-07-15 01:41:52,"2,04,789.08",SETTLED
TXNA0DFE6100639,2026-07-15 02:41:37,"1,14,911.73/-",SETTLED
TXNA0DFE6101237,2026-07-15 11:03:43,"Rs. 8,67,075.94",SETTLED
TXNA0DFE6102302,2026-07-15 01:35:28,"4,09,809.10",SETTLED
TXNA0DFE6102928,2026-07-15 11:20:07,"4,85,189.37",SETTLED
TXNA0DFE6103402,2026-07-15 08:08:03,"5,21,052.39/-",SETTLED
TXNA0DFE6101190,2026-07-15 15:17:27,"Rs. 4,80,694.72",SETTLED
TXNA0DFE6102917,2026-07-15 05:19:41,"1,58,700.75",SETTLED
TXNA0DFE6103314,2026-07-15 13:53:11,"4,69,389.42",SETTLED
TXNA0DFE6100751,2026-07-15 09:38:36,"4,80,491.21/-",SETTLED
TXNA0DFE6100776,2026-07-15 13:33:18,"Rs. 3,40,781.71",SETTLED
TXNA0DFE6101195,2026-07-15 15:11:37,"8,25,914.56",SETTLED
TXNA0DFE6100089,2026-07-15 09:50:34,"5,41,889.13",SETTLED
TXNA0DFE6103575,2026-07-15 05:20:12,"3,83,088.90/-",SETTLED
TXNA0DFE6101642,2026-07-15 04:17:24,"Rs. 4,05,048.55",SETTLED
TXNA0DFE6103501,2026-07-15 13:19:14,"1,54,711.30",SETTLED
TXNA0DFE6103431,2026-07-15 12:34:56,"4,13,397.91",SETTLED
TXNA0DFE6102753,2026-07-15 11:52:54,"1,24,248.57/-",SETTLED
TXNA0DFE6101227,2026-07-15 04:53:11,"Rs. 1,53,744.19",SETTLED
TXNA0DFE6100122,2026-07-15 12:15:37,"3,37,483.75",SETTLED
TXNA0DFE6100340,2026-07-15 11:46:26,"8,74,973.76",SETTLED
TXNA0DFE6100139,2026-07-15 06:12:12,"3,36,357.73/-",SETTLED
TXNA0DFE6102723,2026-07-15 01:27:36,"Rs. 4,68,035.97",SETTLED
TXNA0DFE6101692,2026-07-15 09:06:03,"8,24,444.38",SETTLED
TXNA0DFE6102841,2026-07-15 02:52:01,"1,51,561.56",SETTLED
TXNA0DFE6103791,2026-07-15 13:48:29,"3,26,056.11/-",SETTLED
TXNA0DFE6101172,2026-07-15 12:30:51,"Rs. 5,85,526.13",SETTLED
TXNA0DFE6100101,2026-07-15 10:23:17,"3,55,319.40",SETTLED
TXNA0DFE6102965,2026-07-15 04:11:55,"7,32,367.45",SETTLED
TXNA0DFE6101650,2026-07-15 07:26:33,"6,67,665.72/-",SETTLED
TXNA0DFE6103299,2026-07-15 03:38:54,"Rs. 46,504.87",SETTLED
TXNA0DFE6102273,2026-07-15 15:14:14,"7,35,761.90",SETTLED
TXNA0DFE6102506,2026-07-15 01:09:06,"6,22,803.85",SETTLED
TXNA0DFE6350007,2026-07-15 20:42:32,"20,124.67/-",SETTLED
TXNA0DFE6103558,2026-07-15 12:30:27,"Rs. 6,22,209.63",SETTLED
TXNA0DFE6102738,2026-07-15 15:26:15,"49,925.00",SETTLED
TXNA0DFE6103662,2026-07-15 03:00:33,"7,56,670.30",SETTLED
TXNA0DFE6102717,2026-07-15 03:06:23,"1,33,246.34/-",SETTLED
TXNA0DFE6101885,2026-07-15 04:49:27,"Rs. 2,71,156.93",SETTLED
TXNA0DFE6101473,2026-07-15 04:46:09,"2,53,180.17",SETTLED
TXNA0DFE6102230,2026-07-15 13:28:34,"8,69,143.52",SETTLED
TXNA0DFE6102060,2026-07-15 05:19:58,"8,65,479.32/-",SETTLED
TXNA0DFE6102522,2026-07-15 07:55:30,"Rs. 8,69,300.05",SETTLED
TXNA0DFE6101099,2026-07-15 07:38:29,"3,43,457.94",SETTLED
TXNA0DFE6103563,2026-07-15 03:23:33,"6,69,183.16",SETTLED
TXNA0DFE6102838,2026-07-15 12:25:19,"3,73,775.35/-",SETTLED
TXNA0DFE6101314,2026-07-15 06:20:30,"Rs. 5,31,538.00",SETTLED
TXNA0DFE6103309,2026-07-15 03:02:47,"5,62,304.08",SETTLED
TXNA0DFE6103165,2026-07-15 15:45:29,"87,297.80",SETTLED
TXNA0DFE6102272,2026-07-15 05:35:54,"4,22,682.72/-",SETTLED
TXNA0DFE6102737,2026-07-15 05:12:39,"Rs. 7,41,524.30",SETTLED
TXNA0DFE6100295,2026-07-15 03:14:36,"1,50,043.88",SETTLED
TXNA0DFE6101050,2026-07-15 04:44:19,"4,40,290.12",SETTLED
TXNA0DFE6102987,2026-07-15 08:28:52,"2,00,568.63/-",SETTLED
TXNA0DFE6101598,2026-07-15 04:58:27,"Rs. 8,67,976.23",SETTLED
TXNA0DFE6103745,2026-07-15 06:51:05,"13,565.89",SETTLED
TXNA0DFE6103419,2026-07-15 12:17:24,"7,87,089.04",SETTLED
TXNA0DFE6103786,2026-07-15 11:14:16,"5,83,761.43/-",SETTLED
TXNA0DFE6103748,2026-07-15 10:58:30,"Rs. 9,307.18",SETTLED
TXNA0DFE6100189,2026-07-15 03:53:34,"3,37,102.50",SETTLED
TXNA0DFE6102843,2026-07-15 00:48:10,"2,79,815.83",SETTLED
TXNA0DFE6100969,2026-07-15 07:10:49,"4,75,721.46/-",SETTLED
TXNA0DFE6102315,2026-07-15 08:45:49,"Rs. 6,52,659.34",SETTLED
TXNA0DFE6103639,2026-07-15 07:32:01,"7,39,928.10",SETTLED
TXNA0DFE6100111,2026-07-15 00:37:53,"47,672.00",SETTLED
TXNA0DFE6102310,2026-07-15 02:14:23,"6,34,384.37/-",SETTLED
TXNA0DFE6102981,2026-07-15 07:26:56,"Rs. 3,68,189.38",SETTLED
TXNA0DFE6101705,2026-07-15 06:38:53,"6,48,358.15",SETTLED
TXNA0DFE6103364,2026-07-15 16:26:50,"8,38,561.00",SETTLED
TXNA0DFE6102338,2026-07-15 15:50:15,"4,55,785.03/-",SETTLED
TXNA0DFE6102610,2026-07-15 08:29:04,"Rs. 1,39,719.94",SETTLED
TXNA0DFE6103074,2026-07-15 08:13:00,"6,64,247.53",SETTLED
TXNA0DFE6103153,2026-07-15 14:00:12,"3,48,961.97",SETTLED
TXNA0DFE6103585,2026-07-15 06:39:00,"5,14,784.15/-",SETTLED
TXNA0DFE6101135,2026-07-15 06:35:53,"Rs. 8,11,861.61",SETTLED
TXNA0DFE6101910,2026-07-15 14:17:45,"4,56,599.63",SETTLED
TXNA0DFE6100923,2026-07-15 11:16:44,"1,55,582.24",SETTLED
TXNA0DFE6102812,2026-07-15 12:06:24,"7,58,319.27/-",SETTLED
TXNA0DFE6100004,2026-07-15 01:05:42,"Rs. 5,30,898.51",SETTLED
TXNA0DFE6101689,2026-07-15 14:28:22,"2,54,687.14",SETTLED
TXNA0DFE6103407,2026-07-15 10:55:15,"8,91,022.64",SETTLED
TXNA0DFE6102138,2026-07-15 08:05:14,"7,25,544.72/-",SETTLED
TXNA0DFE6100962,2026-07-15 10:27:25,"Rs. 3,28,430.43",SETTLED
TXNA0DFE6102816,2026-07-15 15:04:13,"3,92,026.22",SETTLED
TXNA0DFE6101950,2026-07-15 15:13:43,"7,21,673.14",SETTLED
TXNA0DFE6103139,2026-07-15 10:56:02,"1,26,008.47/-",SETTLED
TXNA0DFE6102585,2026-07-15 14:19:43,"Rs. 7,56,269.67",SETTLED
TXNA0DFE6100047,2026-07-15 09:48:35,"7,20,752.98",SETTLED
TXNA0DFE6102999,2026-07-15 11:27:19,"5,74,520.68",SETTLED
TXNA0DFE6103245,2026-07-15 05:11:51,"8,82,275.98/-",SETTLED
TXNA0DFE6101363,2026-07-15 04:40:23,"Rs. 5,07,067.17",SETTLED
TXNA0DFE6102266,2026-07-15 10:02:50,"2,30,275.63",SETTLED
TXNA0DFE6101668,2026-07-15 11:46:04,"5,14,068.31",SETTLED
TXNA0DFE6102523,2026-07-15 10:54:07,"4,59,310.36/-",SETTLED
TXNA0DFE6103057,2026-07-15 04:36:21,"Rs. 4,92,373.51",SETTLED
TXNA0DFE6102592,2026-07-15 03:18:05,"1,92,265.68",SETTLED
TXNA0DFE6101918,2026-07-15 05:18:40,"5,00,422.68",SETTLED
TXNA0DFE6102318,2026-07-15 02:00:24,"4,46,229.79/-",SETTLED
TXNA0DFE6102337,2026-07-15 14:39:23,"Rs. 2,18,251.53",SETTLED
TXNA0DFE6103237,2026-07-15 13:04:36,"2,77,939.18",SETTLED
TXNA0DFE6102997,2026-07-15 03:30:01,"4,30,279.32",SETTLED
TXNA0DFE6103646,2026-07-15 13:34:32,"7,52,498.11/-",SETTLED
TXNA0DFE6100035,2026-07-15 00:32:35,"Rs. 7,77,074.99",SETTLED
TXNA0DFE6101927,2026-07-15 05:40:16,"99,168.52",SETTLED
TXNA0DFE6103487,2026-07-15 05:35:45,"4,24,122.77",SETTLED
TXNA0DFE6101071,2026-07-15 05:00:26,"7,02,143.89/-",SETTLED
TXNA0DFE6103567,2026-07-15 09:55:54,"Rs. 7,51,784.49",SETTLED
TXNA0DFE6103538,2026-07-15 14:34:17,"6,80,110.69",SETTLED
TXNA0DFE6102155,2026-07-15 04:44:19,"8,91,640.66",SETTLED
TXNA0DFE6101012,2026-07-15 05:28:55,"30,888.57/-",SETTLED
TXNA0DFE6103098,2026-07-15 14:02:54,"Rs. 6,64,330.23",SETTLED
TXNA0DFE6100180,2026-07-15 01:09:07,"3,42,881.41",SETTLED
TXNA0DFE6101116,2026-07-15 09:05:25,"2,25,032.69",SETTLED
TXNA0DFE6100622,2026-07-15 06:41:02,"2,52,176.86/-",SETTLED
TXNA0DFE6100930,2026-07-15 09:33:59,"Rs. 8,04,318.86",SETTLED
TXNA0DFE6101934,2026-07-15 08:51:08,"32,369.98",SETTLED
TXNA0DFE6102076,2026-07-15 11:45:05,"3,45,898.85",SETTLED
TXNA0DFE6101520,2026-07-15 07:08:39,"3,95,509.43/-",SETTLED
TXNA0DFE6100721,2026-07-15 08:08:35,"Rs. 5,60,756.16",SETTLED
TXNA0DFE6101557,2026-07-15 02:57:38,"1,30,577.62",SETTLED
TXNA0DFE6101110,2026-07-15 10:38:12,"6,06,884.98",SETTLED
TXNA0DFE6101717,2026-07-15 14:36:00,"8,02,841.42/-",SETTLED
TXNA0DFE6102910,2026-07-15 05:32:12,"Rs. 3,22,855.93",SETTLED
TXNA0DFE6101867,2026-07-15 16:12:03,"1,04,424.23",SETTLED
TXNA0DFE6102368,2026-07-15 01:32:04,"4,86,734.96",SETTLED
TXNA0DFE6100544,2026-07-15 11:28:22,"8,86,777.81/-",SETTLED
TXNA0DFE6101491,2026-07-15 11:29:01,"Rs. 7,61,516.02",SETTLED
TXNA0DFE6102951,2026-07-15 12:41:45,"7,12,859.57",SETTLED
TXNA0DFE6100228,2026-07-15 04:06:24,"3,16,275.97",SETTLED
TXNA0DFE6100612,2026-07-15 14:44:50,"1,33,373.67/-",SETTLED
TXNA0DFE6103129,2026-07-15 04:39:51,"Rs. 4,05,112.26",SETTLED
TXNA0DFE6102875,2026-07-15 05:00:03,"5,70,560.92",SETTLED
TXNA0DFE6102349,2026-07-15 16:08:11,"2,79,809.77",SETTLED
TXNA0DFE6101439,2026-07-15 11:56:38,"1,98,595.54/-",SETTLED
TXNA0DFE6102164,2026-07-15 06:08:51,"Rs. 70,329.25",SETTLED
TXNA0DFE6100814,2026-07-15 14:09:29,"3,28,659.07",SETTLED
TXNA0DFE6100766,2026-07-15 09:29:51,"2,03,656.06",SETTLED
TXNA0DFE6103525,2026-07-15 08:54:12,"1,01,209.13/-",SETTLED
TXNA0DFE6103338,2026-07-15 00:44:52,"Rs. 3,04,068.89",SETTLED
TXNA0DFE6101022,2026-07-15 07:19:56,"4,04,761.11",SETTLED
TXNA0DFE6103436,2026-07-15 01:06:49,"1,94,672.45",SETTLED
TXNA0DFE6103027,2026-07-15 11:48:04,"1,78,462.03/-",SETTLED
TXNA0DFE6103517,2026-07-15 15:41:01,"Rs. 6,70,249.52",SETTLED
TXNA0DFE6103564,2026-07-15 16:17:23,"3,22,322.17",SETTLED
TXNA0DFE6103327,2026-07-15 15:12:10,"66,327.34",SETTLED
TXNA0DFE6100210,2026-07-15 07:13:40,"6,32,393.36/-",SETTLED
TXNA0DFE6103392,2026-07-15 07:51:07,"Rs. 8,10,012.90",SETTLED
TXNA0DFE6101881,2026-07-15 00:53:48,"7,22,051.47",SETTLED
TXNA0DFE6101798,2026-07-15 14:14:23,"6,34,160.71",SETTLED
TXNA0DFE6101997,2026-07-15 06:45:36,"2,51,595.42/-",SETTLED
TXNA0DFE6100668,2026-07-15 06:13:38,"Rs. 5,65,833.10",SETTLED
TXNA0DFE6101550,2026-07-15 00:50:05,"3,31,726.06",SETTLED
TXNA0DFE6100548,2026-07-15 01:52:19,"5,63,421.44",SETTLED
TXNA0DFE6102193,2026-07-15 15:24:21,"7,50,082.76/-",SETTLED
TXNA0DFE6101549,2026-07-15 14:58:38,"Rs. 5,30,208.04",SETTLED
TXNA0DFE6102321,2026-07-15 05:54:29,"7,03,685.66",SETTLED
TXNA0DFE6100195,2026-07-15 13:57:44,"8,87,353.41",SETTLED
TXNA0DFE6103693,2026-07-15 06:48:24,"1,92,258.24/-",SETTLED
TXNA0DFE6100486,2026-07-15 10:24:54,"Rs. 2,11,591.22",SETTLED
TXNA0DFE6100253,2026-07-15 13:42:12,"4,25,044.54",SETTLED
TXNA0DFE6103777,2026-07-15 09:23:42,"2,68,744.33",SETTLED
TXNA0DFE6101515,2026-07-15 04:26:10,"6,62,635.63/-",SETTLED
TXNA0DFE6102562,2026-07-15 02:58:15,"Rs. 3,29,520.33",SETTLED
TXNA0DFE6100713,2026-07-15 06:31:41,"8,54,002.68",SETTLED
TXNA0DFE6103470,2026-07-15 06:52:07,"3,96,551.78",SETTLED
TXNA0DFE6103082,2026-07-15 07:29:01,"8,75,166.31/-",SETTLED
TXNA0DFE6101907,2026-07-15 10:18:38,"Rs. 7,12,672.05",SETTLED
TXNA0DFE6103086,2026-07-15 07:11:08,"5,45,657.96",SETTLED
TXNA0DFE6350010,2026-07-15 18:54:28,"4,05,753.20",SETTLED
TXNA0DFE6101933,2026-07-15 04:42:52,"1,06,485.48/-",SETTLED
TXNA0DFE6103249,2026-07-15 12:49:09,"Rs. 7,21,823.01",SETTLED
TXNA0DFE6102716,2026-07-15 05:40:59,"7,03,955.42",SETTLED
TXNA0DFE6103673,2026-07-15 03:51:03,"2,86,983.95",SETTLED
TXNA0DFE6103770,2026-07-15 02:47:38,"4,87,884.34/-",SETTLED
TXNA0DFE6103136,2026-07-15 05:47:27,"Rs. 4,02,557.04",SETTLED
TXNA0DFE6103737,2026-07-15 09:52:07,"8,05,560.24",SETTLED
TXNA0DFE6100371,2026-07-15 11:43:31,"2,18,003.01",SETTLED
TXNA0DFE6350006,2026-07-15 19:44:40,"4,90,475.54/-",SETTLED
TXNA0DFE6102348,2026-07-15 12:26:48,"Rs. 6,56,210.18",SETTLED
TXNA0DFE6102308,2026-07-15 13:46:02,"7,99,186.95",SETTLED
TXNA0DFE6102622,2026-07-15 08:19:05,"47,182.32",SETTLED
TXNA0DFE6101392,2026-07-15 03:55:43,"5,91,638.69/-",SETTLED
TXNA0DFE6103054,2026-07-15 01:38:08,"Rs. 3,03,134.34",SETTLED
TXNA0DFE6100603,2026-07-15 05:50:43,"5,96,843.65",SETTLED
TXNA0DFE6101771,2026-07-15 03:46:41,"2,11,369.65",SETTLED
TXNA0DFE6102240,2026-07-15 13:46:52,"2,98,895.21/-",SETTLED
TXNA0DFE6103716,2026-07-15 04:55:19,"Rs. 7,74,736.77",SETTLED
TXNA0DFE6101113,2026-07-15 14:04:35,"2,67,749.36",SETTLED
TXNA0DFE6102447,2026-07-15 06:58:49,"2,68,886.94",SETTLED
TXNA0DFE6100757,2026-07-15 08:11:12,"2,07,545.66/-",SETTLED
TXNA0DFE6102190,2026-07-15 12:22:56,"Rs. 7,50,839.67",SETTLED
TXNA0DFE6102915,2026-07-15 03:15:38,"72,007.76",SETTLED
TXNA0DFE6102239,2026-07-15 05:11:05,"5,08,052.46",SETTLED
TXNA0DFE6103635,2026-07-15 11:06:59,"5,82,457.57/-",SETTLED
TXNA0DFE6103317,2026-07-15 13:16:38,"Rs. 4,45,396.13",SETTLED
TXNA0DFE6103188,2026-07-15 04:42:28,"1,33,299.86",SETTLED
TXNA0DFE6103138,2026-07-15 05:02:13,"1,82,624.90",SETTLED
TXNA0DFE6102455,2026-07-15 02:07:34,"4,48,743.80/-",SETTLED
TXNA0DFE6100773,2026-07-15 16:00:55,"Rs. 4,76,251.04",SETTLED
TXNA0DFE6101420,2026-07-15 01:28:39,"1,00,024.24",SETTLED
TXNA0DFE6102387,2026-07-15 08:36:47,"1,36,116.15",SETTLED
TXNA0DFE6100386,2026-07-15 07:24:19,"1,91,765.30/-",SETTLED
TXNA0DFE6101472,2026-07-15 06:23:37,"Rs. 8,30,108.19",SETTLED
TXNA0DFE6103213,2026-07-15 10:44:26,"2,94,467.22",SETTLED
TXNA0DFE6102403,2026-07-15 10:19:08,"2,79,905.85",SETTLED
TXNA0DFE6100235,2026-07-15 08:35:00,"7,79,948.33/-",SETTLED
TXNA0DFE6100012,2026-07-15 05:15:05,"Rs. 2,20,421.66",SETTLED
TXNA0DFE6100426,2026-07-15 08:15:11,"7,70,403.82",SETTLED
TXNA0DFE6102451,2026-07-15 09:59:10,"5,69,584.62",SETTLED
TXNA0DFE6103493,2026-07-15 04:04:02,"7,87,416.18/-",SETTLED
TXNA0DFE6101127,2026-07-15 09:07:11,"Rs. 68,916.73",SETTLED
TXNA0DFE6102993,2026-07-15 03:08:34,"5,76,129.64",SETTLED
TXNA0DFE6103679,2026-07-15 06:50:12,"7,21,837.60",SETTLED
TXNA0DFE6100771,2026-07-15 09:22:27,"4,33,832.74/-",SETTLED
TXNA0DFE6102633,2026-07-15 07:31:32,"Rs. 2,81,622.95",SETTLED
TXNA0DFE6100658,2026-07-15 06:57:30,"7,11,704.39",SETTLED
TXNA0DFE6101134,2026-07-15 11:20:56,"8,42,311.75",SETTLED
TXNA0DFE6102186,2026-07-15 04:17:48,"3,56,050.26/-",SETTLED
TXNA0DFE6102317,2026-07-15 09:24:27,"Rs. 6,50,261.26",SETTLED
TXNA0DFE6101946,2026-07-15 12:48:53,"7,26,544.30",SETTLED
TXNA0DFE6100998,2026-07-15 03:12:28,"4,32,638.56",SETTLED
TXNA0DFE6100186,2026-07-15 03:00:08,"5,49,231.80/-",SETTLED
TXNA0DFE6101597,2026-07-15 01:28:53,"Rs. 1,50,783.71",SETTLED
TXNA0DFE6101925,2026-07-15 11:32:02,"3,83,993.85",SETTLED
TXNA0DFE6102788,2026-07-15 11:20:56,"8,59,393.06",SETTLED
TXNA0DFE6102671,2026-07-15 13:04:30,"6,62,468.36/-",SETTLED
TXNA0DFE6103312,2026-07-15 14:23:16,"Rs. 4,01,206.92",SETTLED
TXNA0DFE6100437,2026-07-15 14:36:27,"7,78,282.48",SETTLED
TXNA0DFE6102744,2026-07-15 11:01:05,"7,26,331.22",SETTLED
TXNA0DFE6101382,2026-07-15 10:45:32,"6,106.11/-",SETTLED
TXNA0DFE6103358,2026-07-15 06:04:56,"Rs. 2,02,561.98",SETTLED
TXNA0DFE6100518,2026-07-15 10:33:56,"4,12,978.01",SETTLED
TXNA0DFE6102252,2026-07-15 14:43:17,"5,62,007.44",SETTLED
TXNA0DFE6103347,2026-07-15 13:22:41,"5,65,230.24/-",SETTLED
TXNA0DFE6100672,2026-07-15 15:42:02,"Rs. 5,57,142.34",SETTLED
TXNA0DFE6103486,2026-07-15 14:31:08,"5,83,966.29",SETTLED
TXNA0DFE6102827,2026-07-15 06:40:28,"1,31,704.29",SETTLED
TXNA0DFE6102295,2026-07-15 03:49:21,"1,01,316.67/-",SETTLED
TXNA0DFE6101752,2026-07-15 05:27:48,"Rs. 5,49,629.77",SETTLED
TXNA0DFE6102557,2026-07-15 05:15:38,"6,36,789.30",SETTLED
TXNA0DFE6101713,2026-07-15 10:39:40,"7,30,730.45",SETTLED
TXNA0DFE6100896,2026-07-15 05:11:38,"2,19,685.18/-",SETTLED
TXNA0DFE6100636,2026-07-15 05:43:52,"Rs. 4,60,568.41",SETTLED
TXNA0DFE6103167,2026-07-15 13:28:47,"2,13,914.45",SETTLED
TXNA0DFE6100828,2026-07-15 04:06:10,"2,61,451.37",SETTLED
TXNA0DFE6101808,2026-07-15 04:14:10,"3,71,913.03/-",SETTLED
TXNA0DFE6101559,2026-07-15 09:17:01,"Rs. 3,92,186.81",SETTLED
TXNA0DFE6103313,2026-07-15 09:35:49,"2,53,652.80",SETTLED
TXNA0DFE6101854,2026-07-15 14:51:49,"3,34,635.61",SETTLED
TXNA0DFE6102285,2026-07-15 14:38:35,"40,864.45/-",SETTLED
TXNA0DFE6102228,2026-07-15 07:59:35,"Rs. 82,289.62",SETTLED
TXNA0DFE6103310,2026-07-15 05:17:08,"8,64,498.85",SETTLED
TXNA0DFE6103658,2026-07-15 10:01:39,"1,39,653.88",SETTLED
TXNA0DFE6100725,2026-07-15 06:23:13,"15,808.39/-",SETTLED
TXNA0DFE6100533,2026-07-15 06:13:57,"Rs. 4,82,840.22",SETTLED
TXNA0DFE6102641,2026-07-15 15:50:04,"7,56,374.89",SETTLED
TXNA0DFE6103503,2026-07-15 13:56:29,"8,34,933.96",SETTLED
TXNA0DFE6102074,2026-07-15 09:47:44,"6,18,536.28/-",SETTLED
TXNA0DFE6100507,2026-07-15 15:02:31,"Rs. 1,38,863.65",SETTLED
TXNA0DFE6101014,2026-07-15 09:26:27,"2,25,443.90",SETTLED
TXNA0DFE6102971,2026-07-15 02:49:55,"72,884.97",SETTLED
TXNA0DFE6100082,2026-07-15 09:01:21,"7,05,937.41/-",SETTLED
TXNA0DFE6101385,2026-07-15 14:13:50,"Rs. 2,43,504.76",SETTLED
TXNA0DFE6101373,2026-07-15 04:58:19,"7,44,299.60",SETTLED
TXNA0DFE6400001-1,2026-07-15 07:52:00,"2,76,956.26",SETTLED
TXNA0DFE6102294,2026-07-15 06:57:21,"8,43,426.68/-",SETTLED
TXNA0DFE6100052,2026-07-15 06:28:18,"Rs. 2,96,211.22",SETTLED
TXNA0DFE6100312,2026-07-15 06:17:20,"3,28,018.97",SETTLED
TXNA0DFE6100866,2026-07-15 00:37:16,"3,29,169.15",SETTLED
TXNA0DFE6102105,2026-07-15 13:04:50,"7,87,285.07/-",SETTLED
TXNA0DFE6102902,2026-07-15 02:15:40,"Rs. 4,17,147.84",SETTLED
TXNA0DFE6102176,2026-07-15 05:32:04,"3,80,629.79",SETTLED
TXNA0DFE6101366,2026-07-15 00:41:50,"5,47,122.02",SETTLED
TXNA0DFE6101412,2026-07-15 06:03:23,"4,01,318.93/-",SETTLED
TXNA0DFE6102411,2026-07-15 10:27:37,"Rs. 6,67,467.40",SETTLED
TXNA0DFE6101121,2026-07-15 10:40:06,"8,24,847.09",SETTLED
TXNA0DFE6103134,2026-07-15 09:44:04,"1,49,126.69",SETTLED
TXNA0DFE6100728,2026-07-15 11:33:50,"7,93,038.59/-",SETTLED
TXNA0DFE6100574,2026-07-15 14:16:51,"Rs. 49,981.58",SETTLED
TXNA0DFE6101482,2026-07-15 10:14:20,"5,76,565.74",SETTLED
TXNA0DFE6103042,2026-07-15 13:00:35,"77,073.35",SETTLED
TXNA0DFE6100513,2026-07-15 10:57:19,"3,71,908.92/-",SETTLED
TXNA0DFE6100269,2026-07-15 00:37:33,"Rs. 2,96,399.93",SETTLED
TXNA0DFE6103319,2026-07-15 05:46:47,"7,58,123.29",SETTLED
TXNA0DFE6103325,2026-07-15 07:28:10,"55,679.10",SETTLED
TXNA0DFE6101820,2026-07-15 09:22:05,"3,25,292.44/-",SETTLED
TXNA0DFE6100397,2026-07-15 00:33:40,"Rs. 6,42,410.01",SETTLED
TXNA0DFE6102146,2026-07-15 07:17:54,"85,119.92",SETTLED
TXNA0DFE6100907,2026-07-15 03:15:12,"66,213.78",SETTLED
TXNA0DFE6101676,2026-07-15 05:18:57,"4,25,090.63/-",SETTLED
TXNA0DFE6103124,2026-07-15 02:06:26,"Rs. 4,80,406.27",SETTLED
TXNA0DFE6101733,2026-07-15 04:25:27,"29,463.65",SETTLED
TXNA0DFE6102021,2026-07-15 14:31:09,"87,402.78",SETTLED
TXNA0DFE6101086,2026-07-15 02:09:31,"8,93,532.67/-",SETTLED
TXNA0DFE6100407,2026-07-15 02:50:00,"Rs. 5,20,138.43",SETTLED
TXNA0DFE6103387,2026-07-15 13:54:00,"6,89,315.57",SETTLED
TXNA0DFE6102853,2026-07-15 11:56:56,"2,65,240.19",SETTLED
TXNA0DFE6101605,2026-07-15 01:36:39,"4,53,693.19/-",SETTLED
TXNA0DFE6100022,2026-07-15 02:01:56,"Rs. 2,48,947.86",SETTLED
TXNA0DFE6100741,2026-07-15 12:43:55,"2,79,653.44",SETTLED
TXNA0DFE6100242,2026-07-15 11:39:47,"4,88,092.67",SETTLED
TXNA0DFE6100665,2026-07-15 15:35:05,"4,27,966.67/-",SETTLED
TXNA0DFE6102890,2026-07-15 10:36:28,"Rs. 7,55,644.99",SETTLED
TXNA0DFE6103329,2026-07-15 06:28:04,"2,56,202.29",SETTLED
TXNA0DFE6101215,2026-07-15 13:57:44,"8,32,606.16",SETTLED
TXNA0DFE6103208,2026-07-15 07:25:03,"23,479.40/-",SETTLED
TXNA0DFE6102647,2026-07-15 01:25:16,"Rs. 3,17,582.69",SETTLED
TXNA0DFE6102733,2026-07-15 05:23:55,"6,66,171.30",SETTLED
TXNA0DFE6100427,2026-07-15 12:57:40,"2,53,728.23",SETTLED
TXNA0DFE6103166,2026-07-15 06:14:38,"5,03,744.05/-",SETTLED
TXNA0DFE6101097,2026-07-15 04:16:28,"Rs. 5,86,938.64",SETTLED
TXNA0DFE6100388,2026-07-15 15:24:25,"2,67,794.68",SETTLED
TXNA0DFE6101429,2026-07-15 15:48:44,"5,09,436.73",SETTLED
TXNA0DFE6101139,2026-07-15 11:59:30,"1,63,988.85/-",SETTLED
TXNA0DFE6102888,2026-07-15 07:36:34,"Rs. 6,10,068.76",SETTLED
TXNA0DFE6102104,2026-07-15 14:53:59,"2,92,525.79",SETTLED
TXNA0DFE6100439,2026-07-15 06:18:09,"3,03,371.11",SETTLED
TXNA0DFE6350005,2026-07-15 22:22:25,"78,677.01/-",SETTLED
TXNA0DFE6100674,2026-07-15 12:24:19,"Rs. 6,26,693.55",SETTLED
TXNA0DFE6103022,2026-07-15 01:09:48,"3,60,688.79",SETTLED
TXNA0DFE6103664,2026-07-15 02:51:53,"3,82,763.45",SETTLED
TXNA0DFE6100541,2026-07-15 14:11:34,"2,75,567.54/-",SETTLED
TXNA0DFE6102275,2026-07-15 07:58:27,"Rs. 2,74,094.43",SETTLED
TXNA0DFE6101502,2026-07-15 03:29:24,"31,668.47",SETTLED
TXNA0DFE6101634,2026-07-15 16:06:24,"4,08,865.99",SETTLED
TXNA0DFE6101217,2026-07-15 08:58:24,"8,81,897.11/-",SETTLED
TXNA0DFE6101585,2026-07-15 06:01:59,"Rs. 8,16,381.83",SETTLED
TXNA0DFE6103724,2026-07-15 08:15:40,"8,99,246.01",SETTLED
TXNA0DFE6102764,2026-07-15 10:57:02,"4,79,045.92",SETTLED
TXNA0DFE6101726,2026-07-15 06:50:18,"2,67,163.24/-",SETTLED
TXNA0DFE6100616,2026-07-15 14:53:54,"Rs. 1,33,093.62",SETTLED
TXNA0DFE6102789,2026-07-15 10:05:52,"1,95,087.20",SETTLED
TXNA0DFE6101517,2026-07-15 09:18:16,"2,44,321.63",SETTLED
TXNA0DFE6102669,2026-07-15 08:12:19,"7,88,093.28/-",SETTLED
TXNA0DFE6100478,2026-07-15 05:38:42,"Rs. 5,48,805.36",SETTLED
TXNA0DFE6102415,2026-07-15 08:42:57,"3,15,138.49",SETTLED
TXNA0DFE6102217,2026-07-15 10:08:03,"95,257.38",SETTLED
TXNA0DFE6102906,2026-07-15 05:59:42,"2,78,723.47/-",SETTLED
TXNA0DFE6101735,2026-07-15 10:24:06,"Rs. 2,73,221.97",SETTLED
TXNA0DFE6100504,2026-07-15 10:31:01,"8,12,012.62",SETTLED
TXNA0DFE6102962,2026-07-15 02:08:21,"5,47,470.34",SETTLED
TXNA0DFE6100463,2026-07-15 13:01:47,"3,26,774.17/-",SETTLED
TXNA0DFE6100645,2026-07-15 07:46:40,"Rs. 7,61,103.28",SETTLED
TXNA0DFE6103620,2026-07-15 05:42:13,"1,76,304.87",SETTLED
TXNA0DFE6101791,2026-07-15 02:11:21,"3,62,659.28",SETTLED
TXNA0DFE6103316,2026-07-15 04:45:08,"3,80,231.20/-",SETTLED
TXNA0DFE6102763,2026-07-15 09:37:17,"Rs. 1,71,776.46",SETTLED
TXNA0DFE6100350,2026-07-15 06:57:30,"6,57,431.13",SETTLED
TXNA0DFE6102741,2026-07-15 08:50:18,"1,71,586.53",SETTLED
TXNA0DFE6101202,2026-07-15 04:42:36,"6,93,478.74/-",SETTLED
TXNA0DFE6100985,2026-07-15 07:05:26,"Rs. 7,69,578.11",SETTLED
TXNA0DFE6101393,2026-07-15 15:33:07,"36,323.30",SETTLED
TXNA0DFE6103428,2026-07-15 10:41:03,"2,11,267.26",SETTLED
TXNA0DFE6100692,2026-07-15 13:54:55,"8,21,965.12/-",SETTLED
TXNA0DFE6103450,2026-07-15 11:53:50,"Rs. 6,33,165.10",SETTLED
TXNA0DFE6103417,2026-07-15 03:05:19,"76,466.93",SETTLED
TXNA0DFE6100812,2026-07-15 14:50:30,"2,54,732.87",SETTLED
TXNA0DFE6103488,2026-07-15 10:54:07,"4,83,992.58/-",SETTLED
TXNA0DFE6101018,2026-07-15 09:08:10,"Rs. 6,11,866.04",SETTLED
TXNA0DFE6101488,2026-07-15 13:21:05,"4,22,996.12",SETTLED
TXNA0DFE6101201,2026-07-15 09:14:32,"7,40,878.30",SETTLED
TXNA0DFE6103574,2026-07-15 05:38:30,"8,67,052.01/-",SETTLED
TXNA0DFE6101583,2026-07-15 07:55:40,"Rs. 5,84,257.30",SETTLED
TXNA0DFE6101869,2026-07-15 09:01:37,"1,82,272.85",SETTLED
TXNA0DFE6100663,2026-07-15 02:24:19,"8,70,526.20",SETTLED
TXNA0DFE6103496,2026-07-15 04:12:17,"3,41,458.93/-",SETTLED
TXNA0DFE6102214,2026-07-15 16:01:23,"Rs. 3,59,092.56",SETTLED
TXNA0DFE6100809,2026-07-15 01:59:01,"7,07,268.07",SETTLED
TXNA0DFE6100496,2026-07-15 02:40:24,"8,11,640.49",SETTLED
TXNA0DFE6103211,2026-07-15 01:01:42,"6,21,696.15/-",SETTLED
TXNA0DFE6100671,2026-07-15 14:07:42,"Rs. 3,35,845.10",SETTLED
TXNA0DFE6103665,2026-07-15 06:10:56,"4,70,707.62",SETTLED
TXNA0DFE6102644,2026-07-15 01:07:23,"2,28,598.43",SETTLED
TXNA0DFE6103782,2026-07-15 16:02:45,"1,69,372.03/-",SETTLED
TXNA0DFE6101568,2026-07-15 07:01:07,"Rs. 2,88,134.04",SETTLED
TXNA0DFE6102388,2026-07-15 00:50:45,"5,73,717.40",SETTLED
TXNA0DFE6101755,2026-07-15 00:58:52,"14,316.12",SETTLED
TXNA0DFE6101527,2026-07-15 16:26:40,"5,49,965.63/-",SETTLED
TXNA0DFE6101222,2026-07-15 10:06:47,"Rs. 90,410.43",SETTLED
TXNA0DFE6102889,2026-07-15 13:29:49,"6,60,347.76",SETTLED
TXNA0DFE6100143,2026-07-15 06:49:55,"4,01,854.48",SETTLED
TXNA0DFE6100145,2026-07-15 06:32:23,"8,50,111.25/-",SETTLED
TXNA0DFE6101740,2026-07-15 02:48:37,"Rs. 8,38,504.52",SETTLED
TXNA0DFE6102584,2026-07-15 04:50:59,"2,93,358.36",SETTLED
TXNA0DFE6101034,2026-07-15 12:07:03,"7,67,375.89",SETTLED
TXNA0DFE6103460,2026-07-15 05:13:57,"4,28,142.16/-",SETTLED
TXNA0DFE6103311,2026-07-15 15:49:19,"Rs. 2,06,685.16",SETTLED
TXNA0DFE6101805,2026-07-15 12:13:21,"8,00,957.03",SETTLED
TXNA0DFE6103600,2026-07-15 06:29:03,"73,658.14",SETTLED
TXNA0DFE6101213,2026-07-15 07:41:56,"8,53,424.04/-",SETTLED
TXNA0DFE6103122,2026-07-15 09:37:54,"Rs. 1,45,231.32",SETTLED
TXNA0DFE6101218,2026-07-15 03:52:01,"2,33,704.27",SETTLED
TXNA0DFE6103505,2026-07-15 11:59:46,"8,98,881.83",SETTLED
TXNA0DFE6103434,2026-07-15 02:39:13,"5,58,867.91/-",SETTLED
TXNA0DFE6102851,2026-07-15 12:50:59,"Rs. 7,70,203.97",SETTLED
TXNA0DFE6102784,2026-07-15 09:40:56,"1,38,922.46",SETTLED
TXNA0DFE6103170,2026-07-15 11:43:15,"4,23,189.05",SETTLED
TXNA0DFE6102514,2026-07-15 15:04:38,"3,35,315.37/-",SETTLED
TXNA0DFE6100071,2026-07-15 16:15:56,"Rs. 7,39,818.04",SETTLED
TXNA0DFE6101851,2026-07-15 13:32:02,"8,13,908.46",SETTLED
TXNA0DFE6102638,2026-07-15 03:01:09,"7,04,025.02",SETTLED
TXNA0DFE6102194,2026-07-15 08:46:50,"2,83,802.58/-",SETTLED
TXNA0DFE6100378,2026-07-15 11:07:50,"Rs. 2,05,918.35",SETTLED
TXNA0DFE6102790,2026-07-15 01:23:24,"6,61,599.26",SETTLED
TXNA0DFE6102097,2026-07-15 08:24:52,"3,35,160.98",SETTLED
TXNA0DFE6103261,2026-07-15 13:49:30,"6,91,335.32/-",SETTLED
TXNA0DFE6100091,2026-07-15 05:45:39,"Rs. 7,94,112.07",SETTLED
TXNA0DFE6101074,2026-07-15 08:09:45,"6,90,350.20",SETTLED
TXNA0DFE6100343,2026-07-15 03:18:55,"56,546.33",SETTLED
TXNA0DFE6103730,2026-07-15 11:34:01,"2,02,474.53/-",SETTLED
TXNA0DFE6103761,2026-07-15 08:45:44,"Rs. 2,74,160.37",SETTLED
TXNA0DFE6102185,2026-07-15 02:22:22,"7,91,873.68",SETTLED
TXNA0DFE6102939,2026-07-15 11:39:59,"3,03,040.99",SETTLED
TXNA0DFE6100345,2026-07-15 07:05:03,"1,40,665.80/-",SETTLED
TXNA0DFE6101021,2026-07-15 06:16:34,"Rs. 4,19,952.68",SETTLED
TXNA0DFE6100948,2026-07-15 13:06:46,"4,50,559.43",SETTLED
TXNA0DFE6101337,2026-07-15 04:14:12,"5,52,887.08",SETTLED
TXNA0DFE6100841,2026-07-15 14:18:45,"3,24,681.64/-",SETTLED
TXNA0DFE6101298,2026-07-15 02:45:26,"Rs. 5,46,544.53",SETTLED
TXNA0DFE6100348,2026-07-15 05:37:29,"8,35,855.64",SETTLED
TXNA0DFE6103744,2026-07-15 13:19:42,"6,86,775.97",SETTLED
TXNA0DFE6102885,2026-07-15 09:34:20,"4,88,812.68/-",SETTLED
TXNA0DFE6103181,2026-07-15 05:56:43,"Rs. 2,44,073.51",SETTLED
TXNA0DFE6103769,2026-07-15 03:23:20,"1,86,528.54",SETTLED
TXNA0DFE6100469,2026-07-15 14:00:12,"1,71,510.60",SETTLED
TXNA0DFE6101463,2026-07-15 05:07:17,"1,83,261.65/-",SETTLED
TXNA0DFE6101567,2026-07-15 13:15:17,"Rs. 5,23,897.57",SETTLED
TXNA0DFE6100823,2026-07-15 02:28:26,"3,36,032.62",SETTLED
TXNA0DFE6102055,2026-07-15 00:39:45,"6,93,565.29",SETTLED
TXNA0DFE6103104,2026-07-15 13:31:58,"7,13,685.01/-",SETTLED
TXNA0DFE6102573,2026-07-15 10:39:35,"Rs. 4,55,708.26",SETTLED
TXNA0DFE6101499,2026-07-15 04:54:52,"3,92,180.34",SETTLED
TXNA0DFE6103606,2026-07-15 01:26:07,"4,90,386.17",SETTLED
TXNA0DFE6100390,2026-07-15 02:00:26,"1,04,904.87/-",SETTLED
TXNA0DFE6101156,2026-07-15 06:55:35,"Rs. 2,96,156.31",SETTLED
TXNA0DFE6101081,2026-07-15 09:24:50,"4,46,992.74",SETTLED
TXNA0DFE6100610,2026-07-15 09:57:34,"7,95,068.32",SETTLED
TXNA0DFE6102688,2026-07-15 01:58:53,"6,47,136.57/-",SETTLED
TXNA0DFE6103695,2026-07-15 08:25:20,"Rs. 7,85,619.23",SETTLED
TXNA0DFE6103785,2026-07-15 08:05:16,"4,19,167.64",SETTLED
TXNA0DFE6101160,2026-07-15 07:04:44,"3,33,052.66",SETTLED
TXNA0DFE6100950,2026-07-15 12:45:28,"6,02,055.45/-",SETTLED
TXNA0DFE6103774,2026-07-15 13:59:49,"Rs. 6,38,636.05",SETTLED
TXNA0DFE6100799,2026-07-15 07:27:40,"4,99,342.44",SETTLED
TXNA0DFE6102001,2026-07-15 01:57:32,"3,71,172.35",SETTLED
TXNA0DFE6101270,2026-07-15 08:56:02,"7,99,652.99/-",SETTLED
TXNA0DFE6101659,2026-07-15 14:22:50,"Rs. 8,72,573.65",SETTLED
TXNA0DFE6101372,2026-07-15 08:18:01,"7,32,992.62",SETTLED
TXNA0DFE6103252,2026-07-15 12:25:08,"6,58,522.58",SETTLED
TXNA0DFE6101928,2026-07-15 12:36:21,"7,52,478.99/-",SETTLED
TXNA0DFE6100072,2026-07-15 06:22:57,"Rs. 7,18,150.63",SETTLED
TXNA0DFE6102627,2026-07-15 02:23:34,"5,21,511.09",SETTLED
TXNA0DFE6101929,2026-07-15 13:13:19,"3,04,178.78",SETTLED
TXNA0DFE6102014,2026-07-15 04:47:25,"5,15,433.48/-",SETTLED
TXNA0DFE6102277,2026-07-15 03:12:55,"Rs. 6,89,688.87",SETTLED
TXNA0DFE6102614,2026-07-15 12:07:37,"1,67,367.50",SETTLED
TXNA0DFE6101537,2026-07-15 08:00:54,"2,23,809.76",SETTLED
TXNA0DFE6100352,2026-07-15 06:35:00,"8,11,653.57/-",SETTLED
TXNA0DFE6101652,2026-07-15 03:14:51,"Rs. 6,53,783.90",SETTLED
TXNA0DFE6103660,2026-07-15 13:50:00,"2,31,247.33",SETTLED
TXNA0DFE6101206,2026-07-15 13:39:20,"6,27,542.03",SETTLED
TXNA0DFE6100521,2026-07-15 13:20:05,"2,41,244.81/-",SETTLED
TXNA0DFE6100683,2026-07-15 12:27:37,"Rs. 3,23,540.72",SETTLED
TXNA0DFE6101016,2026-07-15 15:36:58,"8,40,671.69",SETTLED
TXNA0DFE6101421,2026-07-15 14:01:06,"4,73,459.05",SETTLED
TXNA0DFE6100686,2026-07-15 16:00:04,"6,15,489.91/-",SETTLED
TXNA0DFE6102443,2026-07-15 06:03:23,"Rs. 6,21,969.35",SETTLED
TXNA0DFE6103618,2026-07-15 03:00:00,"5,08,154.89",SETTLED
TXNA0DFE6101494,2026-07-15 14:22:04,"7,20,119.28",SETTLED
TXNA0DFE6101450,2026-07-15 05:25:41,"6,84,276.23/-",SETTLED
TXNA0DFE6102541,2026-07-15 05:51:47,"Rs. 2,96,067.72",SETTLED
TXNA0DFE6102290,2026-07-15 10:40:14,"80,169.65",SETTLED
TXNA0DFE6101189,2026-07-15 01:13:09,"5,30,327.17",SETTLED
TXNA0DFE6400001-2,2026-07-15 07:53:00,"1,97,273.89/-",SETTLED
TXNA0DFE6102213,2026-07-15 15:16:18,"Rs. 1,27,982.27",SETTLED
TXNA0DFE6100937,2026-07-15 13:43:46,"67,243.22",SETTLED
TXNA0DFE6102531,2026-07-15 13:12:53,"2,79,651.33",SETTLED
TXNA0DFE6102500,2026-07-15 04:13:46,"72,881.41/-",SETTLED
TXNA0DFE6101003,2026-07-15 01:11:30,"Rs. 2,74,466.64",SETTLED
TXNA0DFE6102960,2026-07-15 11:48:32,"7,89,165.19",SETTLED
TXNA0DFE6101618,2026-07-15 01:54:05,"2,48,499.55",SETTLED
TXNA0DFE6300011,2026-07-14 22:31:47,"2,69,842.92/-",SETTLED
TXNA0DFE6102174,2026-07-15 13:10:18,"Rs. 2,76,434.10",SETTLED
TXNA0DFE6103095,2026-07-15 08:55:02,"4,72,902.64",SETTLED
TXNA0DFE6101522,2026-07-15 05:56:34,"74,416.79",SETTLED
TXNA0DFE6103697,2026-07-15 07:26:11,"7,31,663.22/-",SETTLED
TXNA0DFE6100754,2026-07-15 14:58:20,"Rs. 3,57,116.09",SETTLED
TXNA0DFE6100816,2026-07-15 05:14:14,"2,41,043.32",SETTLED
TXNA0DFE6101916,2026-07-15 10:44:25,"15,460.14",SETTLED
TXNA0DFE6102268,2026-07-15 03:09:06,"1,37,593.95/-",SETTLED
TXNA0DFE6100884,2026-07-15 14:54:00,"Rs. 2,04,652.49",SETTLED
TXNA0DFE6101452,2026-07-15 07:16:09,"2,75,307.04",SETTLED
TXNA0DFE6102482,2026-07-15 04:30:13,"3,46,519.02",SETTLED
TXNA0DFE6101814,2026-07-15 13:02:56,"76,342.52/-",SETTLED
TXNA0DFE6101399,2026-07-15 07:20:35,"Rs. 5,49,973.34",SETTLED
TXNA0DFE6102203,2026-07-15 10:53:18,"4,89,239.58",SETTLED
TXNA0DFE6103566,2026-07-15 10:22:43,"16,802.66",SETTLED
TXNA0DFE6103456,2026-07-15 08:55:48,"8,80,278.83/-",SETTLED
TXNA0DFE6101266,2026-07-15 04:57:30,"Rs. 7,44,937.90",SETTLED
TXNA0DFE6102011,2026-07-15 13:45:03,"6,11,278.18",SETTLED
TXNA0DFE6103085,2026-07-15 11:47:14,"1,68,968.16",SETTLED
TXNA0DFE6103030,2026-07-15 11:43:44,"8,964.93/-",SETTLED
TXNA0DFE6102448,2026-07-15 12:51:07,"Rs. 2,38,133.02",SETTLED
TXNA0DFE6103479,2026-07-15 11:10:00,"1,11,977.18",SETTLED
TXNA0DFE6102409,2026-07-15 07:43:04,"7,45,867.13",SETTLED
TXNA0DFE6300014,2026-07-14 20:57:44,"2,40,601.15/-",SETTLED
TXNA0DFE6100891,2026-07-15 12:00:02,"Rs. 2,38,158.41",SETTLED
TXNA0DFE6103356,2026-07-15 14:53:41,"6,39,583.20",SETTLED
TXNA0DFE6100325,2026-07-15 14:46:39,"72,572.97",SETTLED
TXNA0DFE6103321,2026-07-15 08:26:36,"4,78,660.16/-",SETTLED
TXNA0DFE6102684,2026-07-15 04:02:19,"Rs. 6,10,947.94",SETTLED
TXNA0DFE6102715,2026-07-15 03:08:50,"4,95,563.49",SETTLED
TXNA0DFE6103081,2026-07-15 05:26:01,"52,063.69",SETTLED
TXNA0DFE6100624,2026-07-15 12:40:36,"1,41,007.58/-",SETTLED
TXNA0DFE6101666,2026-07-15 09:24:51,"Rs. 2,78,845.25",SETTLED
TXNA0DFE6100220,2026-07-15 08:50:46,"6,26,668.57",SETTLED
TXNA0DFE6102109,2026-07-15 10:15:06,"1,48,170.67",SETTLED
TXNA0DFE6100205,2026-07-15 04:31:52,"8,61,229.24/-",SETTLED
TXNA0DFE6103608,2026-07-15 12:01:39,"Rs. 1,66,247.40",SETTLED
TXNA0DFE6102919,2026-07-15 12:31:46,"2,65,543.19",SETTLED
TXNA0DFE6100763,2026-07-15 14:10:07,"5,42,562.32",SETTLED
TXNA0DFE6100731,2026-07-15 04:06:29,"6,12,954.53/-",SETTLED
TXNA0DFE6100547,2026-07-15 08:50:39,"Rs. 6,83,289.17",SETTLED
TXNA0DFE6100339,2026-07-15 10:38:03,"6,15,210.54",SETTLED
TXNA0DFE6102729,2026-07-15 16:23:35,"5,33,259.88",SETTLED
TXNA0DFE6101619,2026-07-15 12:58:13,"4,84,191.13/-",SETTLED
TXNA0DFE6103012,2026-07-15 13:15:16,"Rs. 3,64,925.33",SETTLED
TXNA0DFE6102611,2026-07-15 10:47:31,"1,35,281.13",SETTLED
TXNA0DFE6101708,2026-07-15 10:14:55,"5,74,034.99",SETTLED
TXNA0DFE6100212,2026-07-15 03:33:06,"59,992.66/-",SETTLED
TXNA0DFE6100994,2026-07-15 10:00:16,"Rs. 6,53,658.84",SETTLED
TXNA0DFE6103107,2026-07-15 05:15:35,"8,87,595.51",SETTLED
TXNA0DFE6102270,2026-07-15 15:04:47,"3,21,957.78",SETTLED
TXNA0DFE6101477,2026-07-15 09:21:06,"50,338.42/-",SETTLED
TXNA0DFE6101673,2026-07-15 13:58:37,"Rs. 1,43,742.58",SETTLED
TXNA0DFE6103458,2026-07-15 09:02:57,"81,112.91",SETTLED
TXNA0DFE6102049,2026-07-15 06:37:05,"5,57,238.06",SETTLED
TXNA0DFE6103793,2026-07-15 08:35:48,"1,51,174.64/-",SETTLED
TXNA0DFE6103768,2026-07-15 06:57:23,"Rs. 1,11,515.82",SETTLED
TXNA0DFE6101962,2026-07-15 06:06:16,"5,18,434.27",SETTLED
TXNA0DFE6103477,2026-07-15 06:38:05,"1,67,799.72",SETTLED
TXNA0DFE6103599,2026-07-15 14:16:35,"8,04,267.70/-",SETTLED
TXNA0DFE6101775,2026-07-15 11:23:45,"Rs. 4,12,012.82",SETTLED
TXNA0DFE6100958,2026-07-15 04:45:22,"25,374.05",SETTLED
TXNA0DFE6103005,2026-07-15 12:32:01,"6,21,700.65",SETTLED
TXNA0DFE6103221,2026-07-15 08:50:32,"3,45,132.29/-",SETTLED
TXNA0DFE6100761,2026-07-15 11:48:05,"Rs. 8,87,893.81",SETTLED
TXNA0DFE6100263,2026-07-15 02:16:53,"44,716.15",SETTLED
TXNA0DFE6102293,2026-07-15 12:18:08,"1,85,637.15",SETTLED
TXNA0DFE6102259,2026-07-15 12:45:41,"29,337.58/-",SETTLED
TXNA0DFE6100905,2026-07-15 03:36:04,"Rs. 93,224.28",SETTLED
TXNA0DFE6102391,2026-07-15 02:19:27,"2,76,244.91",SETTLED
TXNA0DFE6102309,2026-07-15 03:24:03,"2,01,039.34",SETTLED
TXNA0DFE6101519,2026-07-15 14:33:01,"4,19,170.71/-",SETTLED
TXNA0DFE6102098,2026-07-15 06:05:36,"Rs. 3,76,702.04",SETTLED
TXNA0DFE6100475,2026-07-15 16:20:39,"4,90,425.12",SETTLED
TXNA0DFE6100201,2026-07-15 14:49:19,"3,81,911.48",SETTLED
TXNA0DFE6101584,2026-07-15 10:15:22,"3,93,960.25/-",SETTLED
TXNA0DFE6103091,2026-07-15 10:52:44,"Rs. 6,97,216.21",SETTLED
TXNA0DFE6102004,2026-07-15 12:35:33,"4,51,803.13",SETTLED
TXNA0DFE6300004,2026-07-14 23:16:48,"1,07,564.96",SETTLED
TXNA0DFE6100491,2026-07-15 11:19:02,"2,98,502.05/-",SETTLED
TXNA0DFE6102959,2026-07-15 13:46:32,"Rs. 4,29,770.57",SETTLED
TXNA0DFE6100966,2026-07-15 15:15:41,"1,40,505.46",SETTLED
TXNA0DFE6100756,2026-07-15 11:21:19,"1,85,482.39",SETTLED
TXNA0DFE6100793,2026-07-15 03:17:24,"12,304.12/-",SETTLED
TXNA0DFE6103097,2026-07-15 00:57:23,"Rs. 1,18,755.38",SETTLED
TXNA0DFE6101781,2026-07-15 06:58:20,"5,84,345.34",SETTLED
TXNA0DFE6102153,2026-07-15 07:02:41,"4,82,883.48",SETTLED
TXNA0DFE6101292,2026-07-15 09:04:13,"4,23,325.95/-",SETTLED
TXNA0DFE6101788,2026-07-15 15:56:48,"Rs. 6,16,181.35",SETTLED
TXNA0DFE6103515,2026-07-15 02:04:01,"19,913.45",SETTLED
TXNA0DFE6101690,2026-07-15 13:03:40,"3,96,128.92",SETTLED
TXNA0DFE6103464,2026-07-15 07:23:25,"8,57,405.53/-",SETTLED
TXNA0DFE6103384,2026-07-15 01:58:48,"Rs. 5,20,807.26",SETTLED
TXNA0DFE6100726,2026-07-15 12:45:52,"6,16,908.85",SETTLED
TXNA0DFE6102777,2026-07-15 05:11:35,"5,95,341.48",SETTLED
TXNA0DFE6103324,2026-07-15 12:38:23,"6,67,922.69/-",SETTLED
TXNA0DFE6100537,2026-07-15 07:51:47,"Rs. 6,06,025.82",SETTLED
TXNA0DFE6103069,2026-07-15 04:53:40,"2,41,456.85",SETTLED
TXNA0DFE6101456,2026-07-15 08:27:04,"6,90,348.17",SETTLED
TXNA0DFE6102422,2026-07-15 11:37:38,"3,65,235.67/-",SETTLED
TXNA0DFE6100562,2026-07-15 13:15:18,"Rs. 3,36,531.46",SETTLED
TXNA0DFE6100681,2026-07-15 12:07:01,"3,41,586.83",SETTLED
TXNA0DFE6500009,2026-07-15 13:47:36,"78,641.13",
TXNA0DFE6100377,2026-07-15 13:36:59,"8,55,701.92/-",SETTLED
TXNA0DFE6350015,2026-07-15 23:06:38,"Rs. 2,76,488.39",SETTLED
TXNA0DFE6100007,2026-07-15 02:32:16,"1,93,020.81",SETTLED
TXNA0DFE6102881,2026-07-15 08:03:16,"2,49,885.49",SETTLED
TXNA0DFE6101743,2026-07-15 06:00:42,"3,90,605.93/-",SETTLED
TXNA0DFE6101870,2026-07-15 09:55:14,"Rs. 4,62,033.46",SETTLED
TXNA0DFE6102905,2026-07-15 01:09:45,"8,39,949.95",SETTLED
TXNA0DFE6102170,2026-07-15 15:02:22,"4,95,856.45",SETTLED
TXNA0DFE6101978,2026-07-15 00:56:12,"4,57,434.47/-",SETTLED
TXNA0DFE6102464,2026-07-15 02:09:25,"Rs. 5,19,967.64",SETTLED
TXNA0DFE6101293,2026-07-15 05:40:30,"4,02,358.41",SETTLED
TXNA0DFE6100457,2026-07-15 13:11:04,"44,906.17",SETTLED
TXNA0DFE6103704,2026-07-15 14:58:38,"6,80,009.28/-",SETTLED
TXNA0DFE6100492,2026-07-15 10:27:09,"Rs. 8,11,791.35",SETTLED
TXNA0DFE6200000,2026-07-15 05:40:20,"53,655.85",SETTLED
TXNA0DFE6100014,2026-07-15 03:25:14,"1,01,775.86",SETTLED
TXNA0DFE6100482,2026-07-15 00:56:38,"2,63,975.81/-",SETTLED
TXNA0DFE6103532,2026-07-15 01:35:53,"Rs. 3,10,607.02",SETTLED
TXNA0DFE6101294,2026-07-15 09:49:52,"6,37,094.45",SETTLED
TXNA0DFE6102458,2026-07-15 02:25:23,"8,52,449.24",SETTLED
TXNA0DFE6102173,2026-07-15 06:32:31,"52,273.47/-",SETTLED
TXNA0DFE6101901,2026-07-15 09:21:16,"Rs. 4,60,499.49",SETTLED
TXNA0DFE6101177,2026-07-15 11:37:24,"3,72,055.74",SETTLED
TXNA0DFE6101993,2026-07-15 06:35:28,"2,52,735.26",SETTLED
TXNA0DFE6100399,2026-07-15 01:14:13,"7,45,479.09/-",SETTLED
TXNA0DFE6103322,2026-07-15 06:34:24,"Rs. 21,227.83",SETTLED
TXNA0DFE6101147,2026-07-15 08:10:31,"4,73,016.67",SETTLED
TXNA0DFE6100785,2026-07-15 02:03:35,"76,920.03",SETTLED
TXNA0DFE6100821,2026-07-15 03:08:02,"5,17,585.34/-",SETTLED
TXNA0DFE6103292,2026-07-15 05:11:47,"Rs. 4,28,085.16",SETTLED
TXNA0DFE6100517,2026-07-15 06:09:53,"4,46,294.98",SETTLED
TXNA0DFE6101490,2026-07-15 12:30:41,"3,31,653.09",SETTLED
TXNA0DFE6103594,2026-07-15 00:37:04,"4,33,503.72/-",SETTLED
TXNA0DFE6103773,2026-07-15 09:11:57,"Rs. 4,16,620.47",SETTLED
TXNA0DFE6101017,2026-07-15 10:21:52,"5,09,612.65",SETTLED
TXNA0DFE6102597,2026-07-15 02:08:12,"2,64,057.14",SETTLED
TXNA0DFE6101620,2026-07-15 12:45:55,"4,79,175.40/-",SETTLED
TXNA0DFE6101235,2026-07-15 08:59:15,"Rs. 8,79,406.25",SETTLED
TXNA0DFE6101959,2026-07-15 09:41:40,"2,16,680.67",SETTLED
TXNA0DFE6101299,2026-07-15 13:59:37,"6,89,360.35",SETTLED
TXNA0DFE6100528,2026-07-15 06:56:47,"1,53,574.52/-",SETTLED
TXNA0DFE6101142,2026-07-15 05:11:43,"Rs. 43,542.62",SETTLED
TXNA0DFE6103025,2026-07-15 09:05:27,"1,69,581.60",SETTLED
TXNA0DFE6100901,2026-07-15 02:03:08,"5,89,316.78",SETTLED
TXNA0DFE6102397,2026-07-15 05:47:56,"5,87,377.00/-",SETTLED
TXNA0DFE6100128,2026-07-15 04:01:24,"Rs. 3,72,576.59",SETTLED
TXNA0DFE6100558,2026-07-15 14:49:13,"1,84,765.79",SETTLED
TXNA0DFE6101371,2026-07-15 13:55:51,"4,80,299.45",SETTLED
TXNA0DFE6100699,2026-07-15 04:04:00,"1,57,746.36/-",SETTLED
TXNA0DFE6100044,2026-07-15 04:34:46,"Rs. 8,08,948.78",SETTLED
TXNA0DFE6102706,2026-07-15 01:09:27,"6,28,806.16",SETTLED
TXNA0DFE6100432,2026-07-15 10:47:07,"8,79,510.18",SETTLED
TXNA0DFE6102602,2026-07-15 12:12:22,"4,05,599.29/-",SETTLED
TXNA0DFE6100323,2026-07-15 06:53:01,"Rs. 7,21,692.58",SETTLED
TXNA0DFE6101019,2026-07-15 03:31:53,"4,56,807.48",SETTLED
TXNA0DFE6100832,2026-07-15 11:30:48,"5,12,809.22",SETTLED
TXNA0DFE6100281,2026-07-15 04:08:37,"3,90,183.02/-",SETTLED
TXNA0DFE6300012,2026-07-14 19:22:19,"Rs. 1,50,339.96",SETTLED
TXNA0DFE6103043,2026-07-15 14:08:42,"8,10,392.69",SETTLED
TXNA0DFE6101709,2026-07-15 11:11:36,"61,409.18",SETTLED
TXNA0DFE6100542,2026-07-15 02:25:46,"6,52,362.38/-",SETTLED
TXNA0DFE6100789,2026-07-15 05:28:33,"Rs. 5,61,258.58",SETTLED
TXNA0DFE6103395,2026-07-15 14:57:21,"1,21,025.88",SETTLED
TXNA0DFE6101686,2026-07-15 00:31:22,"52,530.29",SETTLED
TXNA0DFE6101402,2026-07-15 01:08:24,"4,88,802.07/-",SETTLED
TXNA0DFE6100051,2026-07-15 03:35:15,"Rs. 5,06,709.56",SETTLED
TXNA0DFE6103177,2026-07-15 04:15:11,"7,29,096.31",SETTLED
TXNA0DFE6102893,2026-07-15 13:00:01,"69,634.13",SETTLED
TXNA0DFE6101438,2026-07-15 04:31:39,"1,55,958.44/-",SETTLED
TXNA0DFE6102053,2026-07-15 03:23:56,"Rs. 5,29,675.31",SETTLED
TXNA0DFE6100018,2026-07-15 14:34:52,"1,64,494.13",SETTLED
TXNA0DFE6100379,2026-07-15 07:54:46,"4,77,008.69",SETTLED
TXNA0DFE6100308,2026-07-15 10:40:41,"4,40,363.00/-",SETTLED
TXNA0DFE6103267,2026-07-15 00:42:29,"Rs. 3,03,726.75",SETTLED
TXNA0DFE6101991,2026-07-15 07:06:17,"6,00,794.64",SETTLED
TXNA0DFE6101323,2026-07-15 12:35:32,"6,10,693.22",SETTLED
TXNA0DFE6100200,2026-07-15 16:16:30,"2,29,818.72/-",SETTLED
TXNA0DFE6102768,2026-07-15 04:48:53,"Rs. 4,98,739.57",SETTLED
TXNA0DFE6101404,2026-07-15 08:40:58,"8,22,198.26",SETTLED
TXNA0DFE6102267,2026-07-15 14:22:42,"7,56,971.01",SETTLED
TXNA0DFE6103547,2026-07-15 16:12:40,"4,70,174.85/-",SETTLED
TXNA0DFE6101131,2026-07-15 12:21:10,"Rs. 2,95,134.98",SETTLED
TXNA0DFE6101455,2026-07-15 03:34:20,"1,38,733.30",SETTLED
TXNA0DFE6103502,2026-07-15 14:20:13,"1,09,913.99",SETTLED
TXNA0DFE6101917,2026-07-15 02:32:01,"54,597.43/-",SETTLED
TXNA0DFE6103621,2026-07-15 14:06:50,"Rs. 7,32,876.86",SETTLED
TXNA0DFE6100156,2026-07-15 14:34:28,"4,80,436.54",SETTLED
TXNA0DFE6100149,2026-07-15 08:37:53,"1,36,444.30",SETTLED
TXNA0DFE6103523,2026-07-15 10:19:58,"6,92,477.21/-",SETTLED
TXNA0DFE6100327,2026-07-15 01:16:27,"Rs. 4,58,019.87",SETTLED
TXNA0DFE6102726,2026-07-15 07:25:22,"8,22,591.58",SETTLED
TXNA0DFE6102580,2026-07-15 12:20:06,"4,67,758.52",SETTLED
TXNA0DFE6100063,2026-07-15 06:47:22,"8,39,552.13/-",SETTLED
TXNA0DFE6100977,2026-07-15 04:45:12,"Rs. 4,68,167.12",SETTLED
TXNA0DFE6100970,2026-07-15 01:16:28,"2,80,157.19",SETTLED
TXNA0DFE6100975,2026-07-15 15:45:34,"2,23,802.27",SETTLED
TXNA0DFE6103789,2026-07-15 08:48:11,"4,68,113.36/-",SETTLED
TXNA0DFE6103093,2026-07-15 10:46:11,"Rs. 3,27,385.48",SETTLED
TXNA0DFE6101882,2026-07-15 00:59:23,"4,55,452.44",SETTLED
TXNA0DFE6100626,2026-07-15 13:37:34,"3,30,046.61",SETTLED
TXNA0DFE6103549,2026-07-15 08:21:44,"6,59,670.49/-",SETTLED
TXNA0DFE6100181,2026-07-15 13:34:18,"Rs. 6,82,391.31",SETTLED
TXNA0DFE6100577,2026-07-15 05:47:06,"6,25,132.94",SETTLED
TXNA0DFE6102306,2026-07-15 14:22:49,"4,34,423.53",SETTLED
TXNA0DFE6100963,2026-07-15 08:05:26,"8,05,705.58/-",SETTLED
TXNA0DFE6102350,2026-07-15 14:45:31,"Rs. 2,48,157.16",SETTLED
TXNA0DFE6100649,2026-07-15 12:58:15,"6,13,602.54",SETTLED
TXNA0DFE6102320,2026-07-15 11:18:51,"4,08,585.32",SETTLED
TXNA0DFE6100208,2026-07-15 05:57:20,"6,77,264.24/-",SETTLED
TXNA0DFE6101329,2026-07-15 14:59:14,"Rs. 1,23,212.07",SETTLED
TXNA0DFE6100604,2026-07-15 03:04:21,"8,07,493.88",SETTLED
TXNA0DFE6101178,2026-07-15 14:40:05,"5,23,009.71",SETTLED
TXNA0DFE6103584,2026-07-15 15:06:01,"2,45,079.39/-",SETTLED
TXNA0DFE6101154,2026-07-15 16:27:44,"Rs. 3,98,563.84",SETTLED
TXNA0DFE6102037,2026-07-15 03:34:18,"2,22,594.01",SETTLED
TXNA0DFE6103424,2026-07-15 09:29:01,"2,73,886.77",SETTLED
TXNA0DFE6103425,2026-07-15 13:33:45,"7,54,967.83/-",SETTLED
TXNA0DFE6101840,2026-07-15 00:34:32,"Rs. 4,58,190.71",SETTLED
TXNA0DFE6103631,2026-07-15 04:30:26,"2,42,717.56",SETTLED
TXNA0DFE6102930,2026-07-15 03:32:39,"5,37,158.78",SETTLED
TXNA0DFE6101544,2026-07-15 05:31:28,"2,70,229.38/-",SETTLED
TXNA0DFE6101582,2026-07-15 03:58:01,"Rs. 5,23,036.82",SETTLED
TXNA0DFE6102199,2026-07-15 13:19:17,"1,77,616.01",SETTLED
TXNA0DFE6102086,2026-07-15 15:42:20,"3,79,093.15",SETTLED
TXNA0DFE6102836,2026-07-15 14:37:11,"8,36,278.92/-",SETTLED
TXNA0DFE6300005,2026-07-14 20:41:38,"Rs. 3,32,122.26",SETTLED
TXNA0DFE6102078,2026-07-15 02:02:10,"5,63,080.26",SETTLED
TXNA0DFE6100979,2026-07-15 07:33:20,"6,86,606.86",SETTLED
TXNA0DFE6103140,2026-07-15 01:54:19,"1,65,507.15/-",SETTLED
TXNA0DFE6100794,2026-07-15 08:14:03,"Rs. 2,18,597.57",SETTLED
TXNA0DFE6103303,2026-07-15 15:34:41,"7,28,051.06",SETTLED
TXNA0DFE6103196,2026-07-15 02:51:32,"23,885.50",SETTLED
TXNA0DFE6102932,2026-07-15 09:36:04,"4,14,015.69/-",SETTLED
TXNA0DFE6101534,2026-07-15 10:54:48,"Rs. 4,66,481.47",SETTLED
TXNA0DFE6101327,2026-07-15 03:54:43,"3,59,533.62",SETTLED
TXNA0DFE6101601,2026-07-15 13:21:11,"6,72,969.31",SETTLED
TXNA0DFE6100058,2026-07-15 01:12:38,"3,81,630.23/-",SETTLED
TXNA0DFE6103073,2026-07-15 00:41:10,"Rs. 6,88,200.89",SETTLED
TXNA0DFE6102382,2026-07-15 01:42:30,"4,27,124.90",SETTLED
TXNA0DFE6103059,2026-07-15 15:12:24,"3,35,318.65",SETTLED
TXNA0DFE6101647,2026-07-15 14:47:06,"4,62,144.15/-",SETTLED
TXNA0DFE6100807,2026-07-15 01:03:45,"Rs. 3,33,641.53",SETTLED
TXNA0DFE6100230,2026-07-15 04:46:35,"68,715.18",SETTLED
TXNA0DFE6101048,2026-07-15 06:29:53,"3,23,848.03",SETTLED
TXNA0DFE6102662,2026-07-15 09:32:22,"7,36,196.24/-",SETTLED
TXNA0DFE6100581,2026-07-15 14:00:18,"Rs. 3,53,409.16",SETTLED
TXNA0DFE6102210,2026-07-15 05:33:14,"6,76,817.33",SETTLED
TXNA0DFE6100827,2026-07-15 00:30:45,"6,83,552.16",SETTLED
TXNA0DFE6102761,2026-07-15 05:55:36,"6,15,839.82/-",SETTLED
TXNA0DFE6102468,2026-07-15 00:43:33,"Rs. 4,23,243.53",SETTLED
TXNA0DFE6102100,2026-07-15 03:46:38,"1,21,558.26",SETTLED
TXNA0DFE6103305,2026-07-15 09:55:19,"8,75,832.17",SETTLED
TXNA0DFE6100183,2026-07-15 14:39:14,"5,80,073.77/-",SETTLED
TXNA0DFE6102665,2026-07-15 13:22:48,"Rs. 2,97,994.89",SETTLED
TXNA0DFE6102051,2026-07-15 07:12:03,"1,12,095.32",SETTLED
TXNA0DFE6102261,2026-07-15 13:31:09,"1,61,430.74",SETTLED
TXNA0DFE6102679,2026-07-15 10:44:32,"7,37,515.61/-",SETTLED
TXNA0DFE6102030,2026-07-15 11:42:00,"Rs. 45,395.36",SETTLED
TXNA0DFE6103223,2026-07-15 09:54:30,"5,03,103.49",SETTLED
TXNA0DFE6100638,2026-07-15 08:42:43,"1,14,270.57",SETTLED
TXNA0DFE6103137,2026-07-15 06:04:11,"4,13,832.94/-",SETTLED
TXNA0DFE6101273,2026-07-15 07:14:34,"Rs. 5,80,272.21",SETTLED
TXNA0DFE6100038,2026-07-15 11:38:30,"7,34,900.54",SETTLED
TXNA0DFE6101639,2026-07-15 04:42:09,"3,48,663.20",SETTLED
TXNA0DFE6100707,2026-07-15 04:05:38,"5,17,508.16/-",SETTLED
TXNA0DFE6101511,2026-07-15 11:33:44,"Rs. 45,678.51",SETTLED
TXNA0DFE6102111,2026-07-15 07:25:44,"4,34,044.46",SETTLED
TXNA0DFE6102739,2026-07-15 08:43:08,"6,61,711.60",SETTLED
TXNA0DFE6100540,2026-07-15 07:15:48,"6,18,318.84/-",SETTLED
TXNA0DFE6100334,2026-07-15 04:44:03,"Rs. 1,20,923.45",SETTLED
TXNA0DFE6100700,2026-07-15 09:59:29,"2,35,061.84",SETTLED
TXNA0DFE6101574,2026-07-15 14:14:52,"4,90,580.01",SETTLED
TXNA0DFE6100239,2026-07-15 04:31:43,"5,29,878.00/-",SETTLED
TXNA0DFE6102572,2026-07-15 11:28:35,"Rs. 5,94,261.43",SETTLED
TXNA0DFE6101260,2026-07-15 06:37:06,"1,76,713.77",SETTLED
TXNA0DFE6103780,2026-07-15 02:03:33,"8,46,618.91",SETTLED
TXNA0DFE6103192,2026-07-15 01:08:17,"2,85,160.86/-",SETTLED
TXNA0DFE6101555,2026-07-15 14:49:44,"Rs. 6,33,758.17",SETTLED
TXNA0DFE6101010,2026-07-15 02:42:29,"5,86,706.39",SETTLED
TXNA0DFE6103039,2026-07-15 06:57:15,"3,61,995.46",SETTLED
TXNA0DFE6100273,2026-07-15 11:33:11,"4,03,337.35/-",SETTLED
TXNA0DFE6100531,2026-07-15 07:38:05,"Rs. 8,61,931.61",SETTLED
TXNA0DFE6101241,2026-07-15 07:33:33,"4,87,694.45",SETTLED
TXNA0DFE6300023,2026-07-14 18:56:03,"4,94,317.33",SETTLED
TXNA0DFE6100508,2026-07-15 06:45:07,"8,76,624.72/-",SETTLED
TXNA0DFE6102589,2026-07-15 08:09:35,"Rs. 4,49,311.19",SETTLED
TXNA0DFE6101547,2026-07-15 14:21:52,"5,97,254.89",SETTLED
TXNA0DFE6103263,2026-07-15 02:52:20,"2,61,535.82",SETTLED
TXNA0DFE6101069,2026-07-15 03:09:43,"4,38,091.20/-",SETTLED
TXNA0DFE6101249,2026-07-15 12:25:59,"Rs. 8,86,804.81",SETTLED
TXNA0DFE6102677,2026-07-15 00:32:54,"5,86,334.87",SETTLED
TXNA0DFE6103077,2026-07-15 11:10:59,"7,23,511.67",SETTLED
TXNA0DFE6101316,2026-07-15 04:43:06,"7,08,068.97/-",SETTLED
TXNA0DFE6103706,2026-07-15 15:29:48,"Rs. 5,62,669.82",SETTLED
TXNA0DFE6101233,2026-07-15 03:46:37,"9,031.91",SETTLED
TXNA0DFE6103654,2026-07-15 05:39:49,"1,30,705.12",SETTLED
TXNA0DFE6300016,2026-07-14 18:37:19,"1,10,241.41/-",SETTLED
TXNA0DFE6102002,2026-07-15 07:01:56,"Rs. 5,83,600.02",SETTLED
TXNA0DFE6103374,2026-07-15 14:59:23,"7,15,181.61",SETTLED
TXNA0DFE6103274,2026-07-15 13:56:39,"3,06,239.14",SETTLED
TXNA0DFE6102546,2026-07-15 03:53:58,"50,287.84/-",SETTLED
TXNA0DFE6100826,2026-07-15 02:31:13,"Rs. 4,23,753.46",SETTLED
TXNA0DFE6101460,2026-07-15 02:53:15,"14,788.65",SETTLED
TXNA0DFE6101823,2026-07-15 08:38:22,"8,66,099.04",SETTLED
TXNA0DFE6101558,2026-07-15 05:31:56,"5,12,463.26/-",SETTLED
TXNA0DFE6100168,2026-07-15 10:34:44,"Rs. 2,03,022.20",SETTLED
TXNA0DFE6101833,2026-07-15 13:23:47,"4,41,475.93",SETTLED
TXNA0DFE6101219,2026-07-15 05:43:06,"2,65,260.87",SETTLED
TXNA0DFE6100053,2026-07-15 08:44:12,"8,21,260.58/-",SETTLED
TXNA0DFE6100911,2026-07-15 09:27:14,"Rs. 7,37,623.05",SETTLED
TXNA0DFE6102148,2026-07-15 06:11:03,"5,14,623.32",SETTLED
TXNA0DFE6102529,2026-07-15 09:12:20,"3,54,653.34",SETTLED
TXNA0DFE6102473,2026-07-15 02:56:35,"61,232.58/-",SETTLED
TXNA0DFE6100982,2026-07-15 16:07:33,"Rs. 8,86,293.35",SETTLED
TXNA0DFE6102087,2026-07-15 11:02:57,"8,74,139.16",SETTLED
TXNA0DFE6101290,2026-07-15 12:27:38,"6,84,160.87",SETTLED
TXNA0DFE6102661,2026-07-15 11:56:28,"8,60,893.87/-",SETTLED
TXNA0DFE6102576,2026-07-15 01:29:10,"Rs. 58,024.96",SETTLED
TXNA0DFE6103492,2026-07-15 09:50:16,"30,388.28",SETTLED
TXNA0DFE6100778,2026-07-15 15:01:53,"2,44,924.07",SETTLED
TXNA0DFE6100196,2026-07-15 09:08:49,"1,40,001.74/-",SETTLED
TXNA0DFE6101949,2026-07-15 11:41:52,"Rs. 5,38,726.34",SETTLED
TXNA0DFE6100939,2026-07-15 11:13:38,"5,79,254.62",SETTLED
TXNA0DFE6100803,2026-07-15 07:14:30,"14,656.36",SETTLED
TXNA0DFE6100465,2026-07-15 13:14:17,"1,17,771.70/-",SETTLED
TXNA0DFE6103641,2026-07-15 08:15:21,"Rs. 6,40,810.18",SETTLED
TXNA0DFE6102769,2026-07-15 06:28:03,"3,16,073.33",SETTLED
TXNA0DFE6102067,2026-07-15 08:54:13,"5,98,266.56",SETTLED
TXNA0DFE6100075,2026-07-15 02:01:53,"7,67,311.31/-",SETTLED
TXNA0DFE6101628,2026-07-15 01:35:02,"Rs. 7,68,988.35",SETTLED
TXNA0DFE6101887,2026-07-15 05:12:59,"1,07,001.12",SETTLED
TXNA0DFE6103648,2026-07-15 05:24:44,"6,51,962.14",SETTLED
TXNA0DFE6100421,2026-07-15 13:48:43,"8,89,027.55/-",SETTLED
TXNA0DFE6102897,2026-07-15 12:59:00,"Rs. 1,03,239.93",SETTLED
TXNA0DFE6101458,2026-07-15 02:47:28,"3,27,941.56",SETTLED
TXNA0DFE6100961,2026-07-15 13:15:26,"2,04,293.56",SETTLED
TXNA0DFE6100800,2026-07-15 08:20:48,"2,23,736.40/-",SETTLED
TXNA0DFE6100031,2026-07-15 15:18:45,"Rs. 2,58,101.28",SETTLED
TXNA0DFE6101646,2026-07-15 08:21:54,"2,35,888.98",SETTLED
TXNA0DFE6102288,2026-07-15 15:37:55,"2,49,569.66",SETTLED
TXNA0DFE6102381,2026-07-15 13:57:25,"8,35,377.14/-",SETTLED
TXNA0DFE6102621,2026-07-15 15:18:46,"Rs. 6,47,758.65",SETTLED
TXNA0DFE6103534,2026-07-15 10:29:13,"3,61,637.51",SETTLED
TXNA0DFE6103226,2026-07-15 01:11:32,"2,99,054.65",SETTLED
TXNA0DFE6103242,2026-07-15 02:33:39,"8,67,083.57/-",SETTLED
TXNA0DFE6100830,2026-07-15 01:50:13,"Rs. 4,17,492.12",SETTLED
TXNA0DFE6102803,2026-07-15 03:00:59,"4,49,210.06",SETTLED
TXNA0DFE6102080,2026-07-15 05:34:47,"5,62,251.51",SETTLED
TXNA0DFE6100834,2026-07-15 13:15:57,"2,21,503.55/-",SETTLED
TXNA0DFE6102151,2026-07-15 01:58:03,"Rs. 3,09,970.92",SETTLED
TXNA0DFE6103154,2026-07-15 02:33:41,"8,07,801.63",SETTLED
TXNA0DFE6100560,2026-07-15 08:55:22,"1,44,118.92",SETTLED
TXNA0DFE6100753,2026-07-15 00:52:48,"63,219.03/-",SETTLED
TXNA0DFE6100418,2026-07-15 13:18:43,"Rs. 2,66,334.10",SETTLED
TXNA0DFE6101588,2026-07-15 08:18:28,"6,85,827.13",SETTLED
TXNA0DFE6100551,2026-07-15 15:58:15,"1,65,778.41",SETTLED
TXNA0DFE6101579,2026-07-15 01:32:40,"7,38,691.41/-",SETTLED
TXNA0DFE6100711,2026-07-15 05:14:28,"Rs. 2,31,903.41",SETTLED
TXNA0DFE6102970,2026-07-15 00:38:09,"1,34,907.71",SETTLED
TXNA0DFE6102358,2026-07-15 11:35:39,"2,18,522.87",SETTLED
TXNA0DFE6102545,2026-07-15 10:00:14,"1,34,585.30/-",SETTLED
TXNA0DFE6100647,2026-07-15 12:18:20,"Rs. 4,40,676.09",SETTLED
TXNA0DFE6103332,2026-07-15 00:39:55,"3,66,692.76",SETTLED
TXNA0DFE6101379,2026-07-15 07:27:26,"7,36,836.65",SETTLED
TXNA0DFE6100006,2026-07-15 01:18:01,"1,04,097.66/-",SETTLED
TXNA0DFE6102898,2026-07-15 03:44:16,"Rs. 6,50,923.14",SETTLED
TXNA0DFE6103604,2026-07-15 04:48:16,"4,13,049.12",SETTLED
TXNA0DFE6101921,2026-07-15 05:25:31,"5,69,672.49",SETTLED
TXNA0DFE6102563,2026-07-15 10:21:51,"6,91,340.85/-",SETTLED
TXNA0DFE6103709,2026-07-15 06:24:46,"Rs. 8,13,734.75",SETTLED
TXNA0DFE6102925,2026-07-15 09:09:11,"8,21,164.85",SETTLED
TXNA0DFE6100158,2026-07-15 09:19:23,"1,91,391.30",SETTLED
TXNA0DFE6101777,2026-07-15 01:18:31,"5,46,662.24/-",SETTLED
TXNA0DFE6103079,2026-07-15 12:05:54,"Rs. 2,24,688.57",SETTLED
TXNA0DFE6103514,2026-07-15 10:12:11,"47,155.95",SETTLED
TXNA0DFE6100772,2026-07-15 09:58:05,"5,57,802.42",SETTLED
TXNA0DFE6102127,2026-07-15 15:43:12,"4,21,126.78/-",SETTLED
TXNA0DFE6101630,2026-07-15 05:29:56,"Rs. 4,23,271.34",SETTLED
TXNA0DFE6101165,2026-07-15 01:21:59,"5,78,808.65",SETTLED
TXNA0DFE6102062,2026-07-15 09:21:22,"8,889.28",SETTLED
TXNA0DFE6103663,2026-07-15 07:29:07,"3,93,169.44/-",SETTLED
TXNA0DFE6100908,2026-07-15 02:58:37,"Rs. 4,81,018.98",SETTLED
TXNA0DFE6103524,2026-07-15 03:15:50,"1,41,275.72",SETTLED
TXNA0DFE6103463,2026-07-15 06:09:54,"4,34,212.89",SETTLED
TXNA0DFE6103504,2026-07-15 08:20:42,"3,29,950.66/-",SETTLED
TXNA0DFE6103304,2026-07-15 10:56:01,"Rs. 1,24,423.98",SETTLED
TXNA0DFE6101961,2026-07-15 04:39:15,"8,44,758.64",SETTLED
TXNA0DFE6100310,2026-07-15 05:56:29,"4,21,185.27",SETTLED
TXNA0DFE6101333,2026-07-15 00:42:34,"5,29,355.61/-",SETTLED
TXNA0DFE6100057,2026-07-15 07:59:54,"Rs. 7,12,348.24",SETTLED
TXNA0DFE6100996,2026-07-15 14:57:39,"8,78,611.94",SETTLED
TXNA0DFE6100678,2026-07-15 02:54:25,"7,34,980.89",SETTLED
TXNA0DFE6101331,2026-07-15 09:21:16,"5,75,271.08/-",SETTLED
TXNA0DFE6101015,2026-07-15 07:55:22,"Rs. 1,30,967.14",SETTLED
TXNA0DFE6102830,2026-07-15 11:35:19,"7,39,317.10",SETTLED
TXNA0DFE6100802,2026-07-15 14:48:19,"2,74,637.08",SETTLED
TXNA0DFE6103397,2026-07-15 13:10:15,"6,18,204.15/-",SETTLED
TXNA0DFE6101080,2026-07-15 07:53:08,"Rs. 3,33,451.87",SETTLED
TXNA0DFE6101655,2026-07-15 09:44:56,"8,00,209.86",SETTLED
TXNA0DFE6100085,2026-07-15 13:13:15,"1,40,636.15",SETTLED
TXNA0DFE6100629,2026-07-15 10:59:59,"79,509.48/-",SETTLED
TXNA0DFE6100833,2026-07-15 09:38:54,"Rs. 3,77,201.56",SETTLED
TXNA0DFE6102325,2026-07-15 13:44:17,"7,83,135.96",SETTLED
TXNA0DFE6100532,2026-07-15 00:49:39,"6,90,823.07",SETTLED
TXNA0DFE6100564,2026-07-15 05:00:38,"3,16,961.58/-",SETTLED
TXNA0DFE6101403,2026-07-15 11:47:21,"Rs. 27,265.82",SETTLED
TXNA0DFE6101714,2026-07-15 11:15:03,"24,762.24",SETTLED
TXNA0DFE6100225,2026-07-15 01:26:23,"2,59,760.34",SETTLED
TXNA0DFE6100159,2026-07-15 14:21:22,"3,43,914.61/-",SETTLED
TXNA0DFE6103489,2026-07-15 01:44:29,"Rs. 7,34,121.57",SETTLED
TXNA0DFE6103529,2026-07-15 10:50:00,"1,10,382.72",SETTLED
TXNA0DFE6101125,2026-07-15 15:33:58,"7,62,627.61",SETTLED
TXNA0DFE6102811,2026-07-15 15:17:19,"2,90,879.68/-",SETTLED
TXNA0DFE6102207,2026-07-15 06:54:49,"Rs. 1,27,294.35",SETTLED
TXNA0DFE6101107,2026-07-15 12:00:51,"1,85,203.88",SETTLED
TXNA0DFE6103759,2026-07-15 04:43:43,"3,10,963.50",SETTLED
TXNA0DFE6103703,2026-07-15 08:20:12,"7,47,758.26/-",SETTLED
TXNA0DFE6103028,2026-07-15 04:50:47,"Rs. 5,43,984.73",SETTLED
TXNA0DFE6100354,2026-07-15 10:26:39,"1,65,013.53",SETTLED
TXNA0DFE6101818,2026-07-15 01:41:47,"67,017.96",SETTLED
TXNA0DFE6102265,2026-07-15 10:02:35,"4,96,285.13/-",SETTLED
TXNA0DFE6100311,2026-07-15 08:03:51,"Rs. 1,86,963.73",SETTLED
TXNA0DFE6102748,2026-07-15 06:13:55,"8,27,003.48",SETTLED
TXNA0DFE6103207,2026-07-15 10:40:49,"7,21,683.75",SETTLED
TXNA0DFE6103758,2026-07-15 01:05:46,"1,64,869.74/-",SETTLED
TXNA0DFE6103535,2026-07-15 00:52:44,"Rs. 4,04,440.86",SETTLED
TXNA0DFE6102466,2026-07-15 10:39:26,"54,926.33",SETTLED
TXNA0DFE6101507,2026-07-15 02:51:42,"2,75,018.52",SETTLED
TXNA0DFE6100676,2026-07-15 12:47:15,"5,34,122.86/-",SETTLED
TXNA0DFE6101070,2026-07-15 09:50:02,"Rs. 3,63,508.57",SETTLED
TXNA0DFE6100444,2026-07-15 09:10:36,"2,35,962.50",SETTLED
TXNA0DFE6102535,2026-07-15 13:36:35,"8,22,555.59",SETTLED
TXNA0DFE6101633,2026-07-15 16:07:29,"2,41,069.90/-",SETTLED
TXNA0DFE6101756,2026-07-15 14:37:51,"Rs. 3,43,712.24",SETTLED
TXNA0DFE6101480,2026-07-15 09:31:33,"49,458.59",SETTLED
TXNA0DFE6102709,2026-07-15 13:24:41,"93,372.89",SETTLED
TXNA0DFE6103301,2026-07-15 11:07:20,"7,92,654.33/-",SETTLED
TXNA0DFE6103432,2026-07-15 10:20:48,"Rs. 3,43,259.49",SETTLED
TXNA0DFE6103483,2026-07-15 02:21:47,"1,52,715.20",SETTLED
TXNA0DFE6100217,2026-07-15 11:12:54,"6,57,730.33",SETTLED
TXNA0DFE6101941,2026-07-15 15:46:58,"5,10,828.96/-",SETTLED
TXNA0DFE6103125,2026-07-15 00:57:16,"Rs. 2,74,148.21",SETTLED
TXNA0DFE6102449,2026-07-15 10:21:05,"6,32,963.47",SETTLED
TXNA0DFE6101604,2026-07-15 16:24:40,"4,71,972.87",SETTLED
TXNA0DFE6101357,2026-07-15 12:27:39,"2,29,953.84/-",SETTLED
TXNA0DFE6101415,2026-07-15 09:51:38,"Rs. 5,71,891.48",SETTLED
TXNA0DFE6101474,2026-07-15 04:08:22,"5,23,458.81",SETTLED
TXNA0DFE6102872,2026-07-15 02:08:19,"4,49,243.50",SETTLED
TXNA0DFE6100398,2026-07-15 03:32:52,"1,98,874.03/-",SETTLED
TXNA0DFE6101184,2026-07-15 14:06:31,"Rs. 8,20,479.56",SETTLED
TXNA0DFE6102211,2026-07-15 07:10:27,"2,60,491.71",SETTLED
TXNA0DFE6101780,2026-07-15 01:15:50,"1,62,841.58",SETTLED
TXNA0DFE6101295,2026-07-15 05:10:27,"3,85,218.10/-",SETTLED
TXNA0DFE6102313,2026-07-15 04:40:33,"Rs. 5,19,131.53",SETTLED
TXNA0DFE6101745,2026-07-15 07:07:59,"7,80,415.89",SETTLED
TXNA0DFE6100147,2026-07-15 15:52:33,"8,72,145.18",SETTLED
TXNA0DFE6101554,2026-07-15 04:23:42,"3,30,496.52/-",SETTLED
TXNA0DFE6101616,2026-07-15 01:42:56,"Rs. 3,55,492.88",SETTLED
TXNA0DFE6103038,2026-07-15 12:14:24,"4,49,489.37",SETTLED
TXNA0DFE6101411,2026-07-15 10:05:09,"54,755.84",SETTLED
TXNA0DFE6100187,2026-07-15 05:11:54,"8,43,845.57/-",SETTLED
TXNA0DFE6350004,2026-07-15 21:19:58,"Rs. 2,25,371.94",SETTLED
TXNA0DFE6101868,2026-07-15 04:33:23,"8,39,390.37",SETTLED
TXNA0DFE6103687,2026-07-15 15:46:47,"3,17,805.36",SETTLED
TXNA0DFE6101362,2026-07-15 09:02:49,"6,14,005.71/-",SETTLED
TXNA0DFE6100964,2026-07-15 07:30:21,"Rs. 7,86,137.32",SETTLED
TXNA0DFE6103256,2026-07-15 14:49:45,"7,43,382.39",SETTLED
TXNA0DFE6103698,2026-07-15 12:17:04,"1,99,809.18",SETTLED
TXNA0DFE6101710,2026-07-15 11:57:56,"5,78,588.46/-",SETTLED
TXNA0DFE6100918,2026-07-15 12:11:47,"Rs. 18,032.46",SETTLED
TXNA0DFE6102620,2026-07-15 00:42:52,"7,70,233.41",SETTLED
TXNA0DFE6101951,2026-07-15 09:39:03,"33,860.51",SETTLED
TXNA0DFE6102029,2026-07-15 13:53:13,"6,78,281.57/-",SETTLED
TXNA0DFE6300000,2026-07-14 22:31:48,"Rs. 3,87,436.14",SETTLED
TXNA0DFE6101632,2026-07-15 10:39:59,"5,97,679.95",SETTLED
TXNA0DFE6103020,2026-07-15 01:22:35,"3,83,684.85",SETTLED
TXNA0DFE6101065,2026-07-15 12:47:43,"1,63,236.55/-",SETTLED
TXNA0DFE6101699,2026-07-15 11:50:38,"Rs. 7,66,901.91",SETTLED
TXNA0DFE6100620,2026-07-15 08:58:56,"1,80,378.32",SETTLED
TXNA0DFE6102031,2026-07-15 13:13:14,"5,11,935.43",SETTLED
TXNA0DFE6101136,2026-07-15 15:51:10,"6,64,263.62/-",SETTLED
TXNA0DFE6101289,2026-07-15 15:23:21,"Rs. 7,64,773.86",SETTLED
TXNA0DFE6103511,2026-07-15 15:21:47,"6,49,095.01",SETTLED
TXNA0DFE6103101,2026-07-15 08:24:02,"1,69,428.97",SETTLED
TXNA0DFE6100430,2026-07-15 05:28:16,"4,69,051.59/-",SETTLED
TXNA0DFE6100762,2026-07-15 02:39:04,"Rs. 7,26,320.73",SETTLED
TXNA0DFE6101350,2026-07-15 04:40:30,"4,69,477.60",SETTLED
TXNA0DFE6100527,2026-07-15 16:22:01,"5,56,977.58",SETTLED
TXNA0DFE6100116,2026-07-15 03:25:18,"6,27,289.41/-",SETTLED
TXNA0DFE6100571,2026-07-15 14:52:56,"Rs. 5,36,033.30",SETTLED
TXNA0DFE6101208,2026-07-15 07:01:01,"4,70,648.26",SETTLED
TXNA0DFE6102537,2026-07-15 14:08:40,"8,61,053.18",SETTLED
TXNA0DFE6101750,2026-07-15 02:18:54,"3,91,112.84/-",SETTLED
TXNA0DFE6100675,2026-07-15 02:55:32,"Rs. 5,48,955.82",SETTLED
TXNA0DFE6101006,2026-07-15 07:58:17,"6,22,874.37",SETTLED
TXNA0DFE6102619,2026-07-15 05:18:25,"7,56,016.90",SETTLED
TXNA0DFE6101367,2026-07-15 03:16:09,"4,42,029.92/-",SETTLED
TXNA0DFE6101430,2026-07-15 03:19:51,"Rs. 1,89,788.12",SETTLED
TXNA0DFE6101407,2026-07-15 11:44:23,"2,89,920.90",SETTLED
TXNA0DFE6101261,2026-07-15 13:49:41,"1,96,893.38",SETTLED
TXNA0DFE6101454,2026-07-15 08:41:50,"4,98,815.32/-",SETTLED
TXNA0DFE6103603,2026-07-15 01:05:42,"Rs. 6,45,869.62",SETTLED
TXNA0DFE6103467,2026-07-15 02:28:41,"3,72,297.81",SETTLED
TXNA0DFE6100413,2026-07-15 05:04:27,"3,37,318.91",SETTLED
TXNA0DFE6103366,2026-07-15 02:51:00,"2,55,612.20/-",SETTLED
TXNA0DFE6101193,2026-07-15 11:04:59,"Rs. 4,56,366.09",SETTLED
TXNA0DFE6103315,2026-07-15 12:17:30,"1,21,561.78",SETTLED
TXNA0DFE6100748,2026-07-15 07:46:22,"8,00,263.27",SETTLED
TXNA0DFE6101936,2026-07-15 14:19:38,"5,70,962.30/-",SETTLED
TXNA0DFE6101815,2026-07-15 02:55:38,"Rs. 5,35,946.11",SETTLED
TXNA0DFE6101149,2026-07-15 08:15:35,"98,515.49",SETTLED
TXNA0DFE6101167,2026-07-15 16:07:46,"5,83,085.75",SETTLED
TXNA0DFE6102994,2026-07-15 01:17:47,"78,804.65/-",SETTLED
TXNA0DFE6102791,2026-07-15 08:41:49,"Rs. 2,56,865.85",SETTLED
TXNA0DFE6101326,2026-07-15 11:56:33,"1,58,959.28",SETTLED
TXNA0DFE6101948,2026-07-15 15:08:24,"5,62,840.27",SETTLED
TXNA0DFE6101130,2026-07-15 03:47:49,"4,15,218.61/-",SETTLED
TXNA0DFE6101932,2026-07-15 09:19:34,"Rs. 3,46,834.89",SETTLED
TXNA0DFE6100032,2026-07-15 04:16:02,"8,49,389.46",SETTLED
TXNA0DFE6102092,2026-07-15 04:01:33,"41,399.23",SETTLED
TXNA0DFE6100099,2026-07-15 04:41:36,"2,69,657.85/-",SETTLED
TXNA0DFE6350001,2026-07-15 22:21:37,"Rs. 4,65,108.28",SETTLED
TXNA0DFE6100878,2026-07-15 12:16:49,"3,39,752.00",SETTLED
TXNA0DFE6100123,2026-07-15 09:07:10,"1,65,978.23",SETTLED
TXNA0DFE6102205,2026-07-15 15:50:10,"8,78,811.79/-",SETTLED
TXNA0DFE6100519,2026-07-15 11:28:26,"Rs. 8,55,254.33",SETTLED
TXNA0DFE6102972,2026-07-15 10:23:41,"3,59,046.09",SETTLED
TXNA0DFE6101352,2026-07-15 08:42:19,"8,86,015.98",SETTLED
TXNA0DFE6101524,2026-07-15 11:27:01,"6,53,046.38/-",SETTLED
TXNA0DFE6100555,2026-07-15 05:36:25,"Rs. 6,40,637.39",SETTLED
TXNA0DFE6101129,2026-07-15 13:38:38,"6,95,484.87",SETTLED
TXNA0DFE6100993,2026-07-15 05:51:19,"3,58,064.57",SETTLED
TXNA0DFE6100684,2026-07-15 14:11:54,"7,50,350.45/-",SETTLED
TXNA0DFE6103381,2026-07-15 09:10:42,"Rs. 1,76,118.54",SETTLED
TXNA0DFE6102916,2026-07-15 16:08:19,"7,20,360.88",SETTLED
TXNA0DFE6101468,2026-07-15 12:09:03,"6,56,231.84",SETTLED
TXNA0DFE6350016,2026-07-15 21:04:06,"2,21,226.37/-",SETTLED
TXNA0DFE6101526,2026-07-15 16:03:48,"Rs. 8,73,226.06",SETTLED
TXNA0DFE6100917,2026-07-15 03:53:05,"8,77,381.40",SETTLED
TXNA0DFE6103113,2026-07-15 05:15:13,"5,64,594.64",SETTLED
TXNA0DFE6102437,2026-07-15 11:34:43,"6,31,253.62/-",SETTLED
TXNA0DFE6103619,2026-07-15 13:37:45,"Rs. 1,58,051.61",SETTLED
TXNA0DFE6100738,2026-07-15 04:28:15,"7,10,739.42",SETTLED
TXNA0DFE6101183,2026-07-15 09:56:59,"5,39,416.04",SETTLED
TXNA0DFE6101503,2026-07-15 10:01:20,"8,01,973.91/-",SETTLED
TXNA0DFE6100972,2026-07-15 00:44:16,"Rs. 2,79,554.25",SETTLED
TXNA0DFE6101214,2026-07-15 01:50:49,"7,43,612.99",SETTLED
TXNA0DFE6100498,2026-07-15 04:14:36,"7,31,601.02",SETTLED
TXNA0DFE6101296,2026-07-15 15:53:49,"4,60,128.42/-",SETTLED
TXNA0DFE6100947,2026-07-15 16:13:30,"Rs. 2,59,983.37",SETTLED
TXNA0DFE6100873,2026-07-15 05:08:21,"3,22,966.90",SETTLED
TXNA0DFE6103714,2026-07-15 01:11:26,"4,02,214.03",SETTLED
TXNA0DFE6103183,2026-07-15 06:06:36,"6,55,254.38/-",SETTLED
TXNA0DFE6100770,2026-07-15 06:38:28,"Rs. 1,04,177.28",SETTLED
TXNA0DFE6100745,2026-07-15 09:54:53,"4,62,416.38",SETTLED
TXNA0DFE6101678,2026-07-15 05:13:47,"6,48,028.20",SETTLED
TXNA0DFE6102810,2026-07-15 04:20:45,"8,54,733.10/-",SETTLED
TXNA0DFE6100146,2026-07-15 05:23:58,"Rs. 8,14,538.61",SETTLED
TXNA0DFE6100641,2026-07-15 12:53:56,"3,76,465.70",SETTLED
TXNA0DFE6101103,2026-07-15 13:23:09,"5,70,506.58",SETTLED
TXNA0DFE6102481,2026-07-15 12:53:13,"3,11,557.12/-",SETTLED
TXNA0DFE6103040,2026-07-15 06:24:18,"Rs. 7,57,655.38",SETTLED
TXNA0DFE6103100,2026-07-15 14:16:35,"6,17,601.64",SETTLED
TXNA0DFE6102635,2026-07-15 04:57:13,"7,59,824.75",SETTLED
TXNA0DFE6102938,2026-07-15 04:43:04,"7,69,694.15/-",SETTLED
TXNA0DFE6100840,2026-07-15 03:07:57,"Rs. 7,00,368.00",SETTLED
TXNA0DFE6102241,2026-07-15 03:47:15,"3,74,928.79",SETTLED
TXNA0DFE6103144,2026-07-15 04:50:08,"6,27,786.22",SETTLED
TXNA0DFE6102246,2026-07-15 13:33:55,"23,647.44/-",SETTLED
TXNA0DFE6100657,2026-07-15 14:49:47,"Rs. 1,52,711.57",SETTLED
TXNA0DFE6102975,2026-07-15 11:33:08,"7,88,827.64",SETTLED
TXNA0DFE6100300,2026-07-15 14:03:33,"8,04,726.54",SETTLED
TXNA0DFE6100441,2026-07-15 14:38:21,"8,114.05/-",SETTLED
TXNA0DFE6101737,2026-07-15 01:51:49,"Rs. 1,02,927.55",SETTLED
TXNA0DFE6103447,2026-07-15 08:05:09,"65,043.17",SETTLED
TXNA0DFE6100245,2026-07-15 14:10:52,"7,46,417.50",SETTLED
TXNA0DFE6100456,2026-07-15 05:01:55,"5,50,657.69/-",SETTLED
TXNA0DFE6101269,2026-07-15 02:01:24,"Rs. 7,71,820.60",SETTLED
TXNA0DFE6100081,2026-07-15 12:36:28,"6,31,215.71",SETTLED
TXNA0DFE6100219,2026-07-15 08:49:39,"1,23,515.00",SETTLED
TXNA0DFE6100029,2026-07-15 12:37:49,"8,10,972.55/-",SETTLED
TXNA0DFE6103276,2026-07-15 08:55:26,"Rs. 5,59,666.98",SETTLED
TXNA0DFE6103203,2026-07-15 12:21:55,"2,86,906.08",SETTLED
TXNA0DFE6102842,2026-07-15 06:36:18,"99,381.11",SETTLED
TXNA0DFE6300007,2026-07-14 22:09:21,"35,920.74/-",SETTLED
TXNA0DFE6103368,2026-07-15 05:03:02,"Rs. 3,55,402.16",SETTLED
TXNA0DFE6500002,2026-07-15 13:38:43,"1,39,701.39",
TXNA0DFE6100102,2026-07-15 11:44:48,"1,59,478.47",SETTLED
TXNA0DFE6100358,2026-07-15 13:55:19,"6,97,294.87/-",SETTLED
TXNA0DFE6100462,2026-07-15 08:59:23,"Rs. 6,96,534.25",SETTLED
TXNA0DFE6101594,2026-07-15 14:00:24,"4,12,516.38",SETTLED
TXNA0DFE6102370,2026-07-15 06:35:01,"3,22,074.37",SETTLED
TXNA0DFE6100575,2026-07-15 12:49:07,"5,95,985.32/-",SETTLED
TXNA0DFE6102874,2026-07-15 02:14:11,"Rs. 8,01,800.18",SETTLED
TXNA0DFE6100326,2026-07-15 12:34:53,"4,54,197.70",SETTLED
TXNA0DFE6101687,2026-07-15 02:07:08,"7,68,767.97",SETTLED
TXNA0DFE6101911,2026-07-15 16:17:12,"1,05,480.22/-",SETTLED
TXNA0DFE6100882,2026-07-15 16:28:13,"Rs. 6,06,416.82",SETTLED
TXNA0DFE6101998,2026-07-15 04:09:20,"2,58,476.28",SETTLED
TXNA0DFE6102137,2026-07-15 05:08:22,"5,58,231.98",SETTLED
TXNA0DFE6102668,2026-07-15 12:50:40,"4,18,361.26/-",SETTLED
TXNA0DFE6100448,2026-07-15 01:57:35,"Rs. 1,10,614.69",SETTLED
TXNA0DFE6103435,2026-07-15 11:32:03,"5,47,014.81",SETTLED
TXNA0DFE6101123,2026-07-15 12:34:41,"7,60,498.12",SETTLED
TXNA0DFE6100557,2026-07-15 14:01:59,"3,81,597.14/-",SETTLED
TXNA0DFE6103408,2026-07-15 13:03:44,"Rs. 3,43,211.54",SETTLED
TXNA0DFE6101094,2026-07-15 12:35:13,"1,10,415.14",SETTLED
TXNA0DFE6101161,2026-07-15 13:41:05,"2,80,003.88",SETTLED
TXNA0DFE6103452,2026-07-15 01:10:23,"10,428.24/-",SETTLED
TXNA0DFE6100991,2026-07-15 10:31:49,"Rs. 6,26,097.77",SETTLED
TXNA0DFE6103700,2026-07-15 04:58:20,"7,51,278.92",SETTLED
TXNA0DFE6101793,2026-07-15 15:51:39,"2,03,487.76",SETTLED
TXNA0DFE6102003,2026-07-15 12:11:08,"93,918.50/-",SETTLED
TXNA0DFE6102801,2026-07-15 14:25:54,"Rs. 94,636.85",SETTLED
TXNA0DFE6100752,2026-07-15 00:44:19,"2,41,666.02",SETTLED
TXNA0DFE6100137,2026-07-15 06:39:38,"1,15,169.75",SETTLED
TXNA0DFE6102892,2026-07-15 12:06:40,"2,23,699.35/-",SETTLED
TXNA0DFE6103595,2026-07-15 07:40:07,"Rs. 1,00,271.55",SETTLED
TXNA0DFE6102781,2026-07-15 16:21:25,"6,39,584.72",SETTLED
TXNA0DFE6102708,2026-07-15 16:26:08,"5,55,436.99",SETTLED
TXNA0DFE6102219,2026-07-15 12:57:40,"1,32,237.51/-",SETTLED
TXNA0DFE6102978,2026-07-15 04:26:17,"Rs. 76,745.57",SETTLED
TXNA0DFE6100335,2026-07-15 09:12:31,"7,88,147.67",SETTLED
TXNA0DFE6101245,2026-07-15 11:30:29,"4,45,844.07",SETTLED
TXNA0DFE6100954,2026-07-15 01:31:53,"3,25,613.66/-",SETTLED
TXNA0DFE6100084,2026-07-15 01:55:17,"Rs. 1,23,013.05",SETTLED
TXNA0DFE6103352,2026-07-15 11:45:54,"27,293.47",SETTLED
TXNA0DFE6103764,2026-07-15 10:04:33,"6,18,419.14",SETTLED
TXNA0DFE6101922,2026-07-15 11:12:32,"3,29,540.40/-",SETTLED
TXNA0DFE6101802,2026-07-15 07:23:22,"Rs. 91,751.87",SETTLED
TXNA0DFE6102201,2026-07-15 07:29:04,"7,43,895.47",SETTLED
TXNA0DFE6100615,2026-07-15 13:27:33,"83,059.03",SETTLED
TXNA0DFE6103675,2026-07-15 12:55:51,"8,85,105.14/-",SETTLED
TXNA0DFE6101724,2026-07-15 05:56:45,"Rs. 5,69,170.57",SETTLED
TXNA0DFE6100411,2026-07-15 06:33:48,"3,55,439.78",SETTLED
TXNA0DFE6102566,2026-07-15 10:38:37,"8,60,127.76",SETTLED
TXNA0DFE6100865,2026-07-15 10:48:03,"6,04,069.43/-",SETTLED
TXNA0DFE6100209,2026-07-15 16:07:40,"Rs. 7,52,687.83",SETTLED
TXNA0DFE6101987,2026-07-15 11:59:32,"2,80,286.93",SETTLED
TXNA0DFE6101236,2026-07-15 12:40:59,"4,99,635.08",SETTLED
TXNA0DFE6101821,2026-07-15 09:17:39,"6,42,385.82/-",SETTLED
TXNA0DFE6101782,2026-07-15 16:07:16,"Rs. 2,60,721.49",SETTLED
TXNA0DFE6103053,2026-07-15 02:45:03,"8,49,564.07",SETTLED
TXNA0DFE6102430,2026-07-15 13:08:42,"3,00,743.16",SETTLED
TXNA0DFE6101874,2026-07-15 12:35:18,"5,56,373.13/-",SETTLED
TXNA0DFE6100337,2026-07-15 08:27:52,"Rs. 5,64,247.42",SETTLED
TXNA0DFE6103555,2026-07-15 07:34:57,"1,76,989.02",SETTLED
TXNA0DFE6101368,2026-07-15 10:00:18,"5,98,039.28",SETTLED
TXNA0DFE6100459,2026-07-15 14:22:36,"8,69,883.42/-",SETTLED
TXNA0DFE6103396,2026-07-15 14:18:05,"Rs. 2,54,551.11",SETTLED
TXNA0DFE6103110,2026-07-15 10:44:31,"1,31,534.85",SETTLED
TXNA0DFE6102362,2026-07-15 07:31:02,"31,416.54",SETTLED
TXNA0DFE6100026,2026-07-15 13:36:18,"4,77,176.13/-",SETTLED
TXNA0DFE6103796,2026-07-15 02:33:48,"Rs. 5,81,697.86",SETTLED
TXNA0DFE6100788,2026-07-15 14:17:31,"4,44,520.52",SETTLED
TXNA0DFE6103178,2026-07-15 09:21:34,"4,43,346.39",SETTLED
TXNA0DFE6101487,2026-07-15 03:35:20,"5,29,323.92/-",SETTLED
TXNA0DFE6101825,2026-07-15 02:07:02,"Rs. 1,88,341.09",SETTLED
TXNA0DFE6100064,2026-07-15 10:47:34,"4,81,876.53",SETTLED
TXNA0DFE6102680,2026-07-15 02:50:21,"5,61,374.02",SETTLED
TXNA0DFE6103708,2026-07-15 03:39:28,"6,54,986.67/-",SETTLED
TXNA0DFE6100329,2026-07-15 00:43:36,"Rs. 4,75,616.76",SETTLED
TXNA0DFE6100030,2026-07-15 12:17:34,"4,40,790.19",SETTLED
TXNA0DFE6103399,2026-07-15 14:41:30,"8,98,331.06",SETTLED
TXNA0DFE6102571,2026-07-15 15:34:56,"2,27,004.19/-",SETTLED
TXNA0DFE6100433,2026-07-15 08:27:27,"Rs. 8,36,363.21",SETTLED
TXNA0DFE6102926,2026-07-15 09:18:41,"1,07,167.84",SETTLED
TXNA0DFE6102625,2026-07-15 14:31:16,"6,30,874.18",SETTLED
TXNA0DFE6103439,2026-07-15 15:31:20,"8,38,112.04/-",SETTLED
TXNA0DFE6100410,2026-07-15 08:12:12,"Rs. 30,599.82",SETTLED
TXNA0DFE6100255,2026-07-15 08:14:30,"8,61,473.30",SETTLED
TXNA0DFE6102847,2026-07-15 02:37:07,"8,17,204.46",SETTLED
TXNA0DFE6102243,2026-07-15 03:52:03,"1,97,012.95/-",SETTLED
TXNA0DFE6102414,2026-07-15 05:22:04,"Rs. 7,05,831.89",SETTLED
TXNA0DFE6100837,2026-07-15 11:22:54,"80,764.07",SETTLED
TXNA0DFE6102914,2026-07-15 07:19:35,"2,74,594.99",SETTLED
TXNA0DFE6103727,2026-07-15 13:49:02,"3,33,867.69/-",SETTLED
TXNA0DFE6103681,2026-07-15 10:24:27,"Rs. 5,88,151.35",SETTLED
TXNA0DFE6102375,2026-07-15 10:15:20,"8,26,477.40",SETTLED
TXNA0DFE6100414,2026-07-15 09:42:50,"4,91,173.69",SETTLED
TXNA0DFE6101042,2026-07-15 08:18:47,"4,50,010.44/-",SETTLED
TXNA0DFE6101617,2026-07-15 13:22:31,"Rs. 8,10,926.95",SETTLED
TXNA0DFE6102775,2026-07-15 16:19:01,"6,72,733.13",SETTLED
TXNA0DFE6101198,2026-07-15 12:33:56,"92,937.91",SETTLED
TXNA0DFE6103790,2026-07-15 04:41:44,"2,30,888.60/-",SETTLED
TXNA0DFE6103582,2026-07-15 10:45:13,"Rs. 3,24,022.63",SETTLED
TXNA0DFE6102198,2026-07-15 04:41:40,"89,265.83",SETTLED
TXNA0DFE6101716,2026-07-15 06:34:46,"6,34,036.21",SETTLED
TXNA0DFE6103686,2026-07-15 05:47:48,"6,41,091.86/-",SETTLED
TXNA0DFE6102462,2026-07-15 08:56:39,"Rs. 77,199.36",SETTLED
TXNA0DFE6101406,2026-07-15 13:51:32,"5,27,865.07",SETTLED
TXNA0DFE6101442,2026-07-15 07:40:28,"52,629.87",SETTLED
TXNA0DFE6102908,2026-07-15 07:22:55,"7,18,186.89/-",SETTLED
TXNA0DFE6100097,2026-07-15 13:12:23,"Rs. 2,67,235.98",SETTLED
TXNA0DFE6102659,2026-07-15 11:33:00,"2,57,517.68",SETTLED
TXNA0DFE6102144,2026-07-15 14:35:43,"8,97,151.28",SETTLED
TXNA0DFE6101120,2026-07-15 13:00:11,"7,42,340.04/-",SETTLED
TXNA0DFE6101794,2026-07-15 12:31:42,"Rs. 7,76,010.44",SETTLED
TXNA0DFE6102701,2026-07-15 02:10:18,"1,59,140.93",SETTLED
TXNA0DFE6100509,2026-07-15 13:37:01,"7,82,400.67",SETTLED
TXNA0DFE6101698,2026-07-15 11:53:05,"8,53,627.90/-",SETTLED
TXNA0DFE6101883,2026-07-15 10:21:44,"Rs. 7,26,639.18",SETTLED
TXNA0DFE6102094,2026-07-15 14:13:15,"4,73,316.04",SETTLED
TXNA0DFE6103328,2026-07-15 11:09:28,"4,44,554.84",SETTLED
TXNA0DFE6100294,2026-07-15 02:05:13,"6,49,025.46/-",SETTLED
TXNA0DFE6100538,2026-07-15 11:46:21,"Rs. 2,49,930.27",SETTLED
TXNA0DFE6101707,2026-07-15 12:49:27,"7,43,641.89",SETTLED
TXNA0DFE6102342,2026-07-15 09:30:42,"5,81,052.54",SETTLED
TXNA0DFE6102233,2026-07-15 08:34:31,"6,18,369.06/-",SETTLED
TXNA0DFE6103753,2026-07-15 09:02:51,"Rs. 7,41,807.12",SETTLED
TXNA0DFE6103218,2026-07-15 00:34:48,"8,20,616.45",SETTLED
TXNA0DFE6101364,2026-07-15 10:49:17,"78,431.38",SETTLED
TXNA0DFE6102452,2026-07-15 10:04:00,"5,50,890.56/-",SETTLED
TXNA0DFE6100973,2026-07-15 15:41:18,"Rs. 1,74,961.93",SETTLED
TXNA0DFE6102751,2026-07-15 01:59:21,"4,90,934.27",SETTLED
TXNA0DFE6100874,2026-07-15 12:51:59,"6,71,701.83",SETTLED
TXNA0DFE6100442,2026-07-15 15:38:33,"2,68,018.95/-",SETTLED
TXNA0DFE6100309,2026-07-15 14:25:33,"Rs. 2,94,247.10",SETTLED
TXNA0DFE6102498,2026-07-15 07:06:10,"2,76,533.29",SETTLED
TXNA0DFE6103182,2026-07-15 12:15:36,"4,14,456.58",SETTLED
TXNA0DFE6100791,2026-07-15 09:42:22,"6,24,042.33/-",SETTLED
TXNA0DFE6102247,2026-07-15 14:27:58,"Rs. 7,46,864.09",SETTLED
TXNA0DFE6102714,2026-07-15 05:26:28,"7,63,360.22",SETTLED
TXNA0DFE6103614,2026-07-15 12:22:55,"7,64,647.07",SETTLED
TXNA0DFE6103376,2026-07-15 09:43:23,"3,67,066.91/-",SETTLED
TXNA0DFE6103794,2026-07-15 04:46:01,"Rs. 8,54,927.20",SETTLED
TXNA0DFE6103516,2026-07-15 07:03:47,"3,46,873.53",SETTLED
TXNA0DFE6102863,2026-07-15 01:52:36,"5,63,562.46",SETTLED
TXNA0DFE6102461,2026-07-15 00:32:53,"40,695.17/-",SETTLED
TXNA0DFE6101054,2026-07-15 16:17:27,"Rs. 4,40,120.60",SETTLED
TXNA0DFE6100718,2026-07-15 07:00:01,"8,25,807.75",SETTLED
TXNA0DFE6102226,2026-07-15 07:51:16,"2,49,402.18",SETTLED
TXNA0DFE6102502,2026-07-15 03:04:04,"2,55,710.90/-",SETTLED
TXNA0DFE6101622,2026-07-15 16:12:06,"Rs. 3,92,200.90",SETTLED
TXNA0DFE6100673,2026-07-15 02:22:06,"8,15,982.00",SETTLED
TXNA0DFE6101521,2026-07-15 00:42:56,"4,15,731.46",SETTLED
TXNA0DFE6100499,2026-07-15 16:08:30,"1,59,823.39/-",SETTLED
TXNA0DFE6102394,2026-07-15 04:53:58,"Rs. 8,84,655.07",SETTLED
TXNA0DFE6102432,2026-07-15 07:36:49,"5,92,490.94",SETTLED
TXNA0DFE6101587,2026-07-15 11:41:24,"4,45,211.89",SETTLED
TXNA0DFE6100079,2026-07-15 14:51:24,"3,26,600.53/-",SETTLED
TXNA0DFE6100119,2026-07-15 07:52:30,"Rs. 3,90,835.07",SETTLED
TXNA0DFE6101757,2026-07-15 11:42:28,"5,48,946.00",SETTLED
TXNA0DFE6103287,2026-07-15 09:26:00,"2,56,958.68",SETTLED
TXNA0DFE6300017,2026-07-14 21:00:01,"2,22,064.42/-",SETTLED
TXNA0DFE6100523,2026-07-15 04:38:41,"Rs. 6,55,640.07",SETTLED
TXNA0DFE6102880,2026-07-15 11:03:09,"52,996.27",SETTLED
TXNA0DFE6103273,2026-07-15 03:54:26,"3,39,733.31",SETTLED
TXNA0DFE6102108,2026-07-15 04:15:41,"73,512.92/-",SETTLED
TXNA0DFE6101388,2026-07-15 13:43:10,"Rs. 3,74,593.71",SETTLED
TXNA0DFE6102103,2026-07-15 12:05:47,"6,95,055.53",SETTLED
TXNA0DFE6102297,2026-07-15 04:24:03,"1,92,873.89",SETTLED
TXNA0DFE6102374,2026-07-15 05:36:00,"4,01,344.19/-",SETTLED
TXNA0DFE6102496,2026-07-15 13:29:48,"Rs. 57,078.43",SETTLED
TXNA0DFE6103308,2026-07-15 12:28:38,"4,20,787.39",SETTLED
TXNA0DFE6102143,2026-07-15 08:00:16,"6,55,695.49",SETTLED
TXNA0DFE6102054,2026-07-15 12:56:22,"3,53,205.78/-",SETTLED
TXNA0DFE6100627,2026-07-15 02:49:06,"Rs. 3,42,072.03",SETTLED
TXNA0DFE6100805,2026-07-15 11:55:15,"2,95,532.10",SETTLED
TXNA0DFE6103533,2026-07-15 01:13:48,"6,86,020.45",SETTLED
TXNA0DFE6102588,2026-07-15 09:05:15,"56,187.27/-",SETTLED
TXNA0DFE6102692,2026-07-15 02:05:15,"Rs. 4,98,150.18",SETTLED
TXNA0DFE6103002,2026-07-15 08:57:05,"96,372.89",SETTLED
TXNA0DFE6100987,2026-07-15 08:01:01,"1,95,956.73",SETTLED
TXNA0DFE6101257,2026-07-15 06:36:58,"4,85,289.64/-",SETTLED
TXNA0DFE6102653,2026-07-15 10:36:31,"Rs. 2,04,704.21",SETTLED
TXNA0DFE6103713,2026-07-15 12:41:43,"8,95,434.15",SETTLED
TXNA0DFE6102508,2026-07-15 08:34:43,"5,96,972.77",SETTLED
TXNA0DFE6100152,2026-07-15 11:02:28,"4,48,784.14/-",SETTLED
TXNA0DFE6100784,2026-07-15 06:40:58,"Rs. 6,75,244.94",SETTLED
TXNA0DFE6102249,2026-07-15 14:30:49,"3,36,999.77",SETTLED
TXNA0DFE6102460,2026-07-15 01:14:22,"5,22,359.03",SETTLED
TXNA0DFE6103176,2026-07-15 13:55:36,"35,210.47/-",SETTLED
TXNA0DFE6100582,2026-07-15 13:30:42,"Rs. 2,04,146.84",SETTLED
TXNA0DFE6102378,2026-07-15 12:57:16,"2,60,317.47",SETTLED
TXNA0DFE6100864,2026-07-15 10:41:00,"67,535.82",SETTLED
TXNA0DFE6103191,2026-07-15 07:59:26,"7,69,224.38/-",SETTLED
TXNA0DFE6103088,2026-07-15 06:08:24,"Rs. 4,60,622.24",SETTLED
TXNA0DFE6103201,2026-07-15 03:43:10,"3,77,681.55",SETTLED
TXNA0DFE6102215,2026-07-15 14:52:13,"15,817.54",SETTLED
TXNA0DFE6100590,2026-07-15 06:51:22,"8,25,234.58/-",SETTLED
TXNA0DFE6102279,2026-07-15 06:53:43,"Rs. 3,24,389.00",SETTLED
TXNA0DFE6101661,2026-07-15 07:34:17,"2,15,524.07",SETTLED
TXNA0DFE6102974,2026-07-15 07:07:27,"3,19,992.08",SETTLED
TXNA0DFE6103520,2026-07-15 11:00:00,"6,08,540.43/-",SETTLED
TXNA0DFE6100746,2026-07-15 08:29:06,"Rs. 7,58,153.62",SETTLED
TXNA0DFE6100450,2026-07-15 02:08:11,"4,00,732.21",SETTLED
TXNA0DFE6101062,2026-07-15 07:27:04,"2,34,318.71",SETTLED
TXNA0DFE6100698,2026-07-15 16:09:30,"7,52,844.73/-",SETTLED
TXNA0DFE6100117,2026-07-15 09:06:32,"Rs. 8,24,244.37",SETTLED
TXNA0DFE6103189,2026-07-15 05:58:18,"6,95,701.09",SETTLED
TXNA0DFE6102989,2026-07-15 16:01:53,"1,96,195.04",SETTLED
TXNA0DFE6100171,2026-07-15 01:59:59,"3,60,004.70/-",SETTLED
TXNA0DFE6103465,2026-07-15 12:39:54,"Rs. 7,80,109.84",SETTLED
TXNA0DFE6101858,2026-07-15 09:37:24,"7,55,220.20",SETTLED
TXNA0DFE6103420,2026-07-15 06:05:18,"52,395.49",SETTLED
TXNA0DFE6101005,2026-07-15 05:11:14,"2,25,429.67/-",SETTLED
TXNA0DFE6103453,2026-07-15 14:21:40,"Rs. 5,56,754.84",SETTLED
TXNA0DFE6102538,2026-07-15 09:49:04,"2,98,944.61",SETTLED
TXNA0DFE6103610,2026-07-15 08:53:35,"6,45,937.12",SETTLED
TXNA0DFE6103622,2026-07-15 04:43:48,"1,82,729.67/-",SETTLED
TXNA0DFE6101953,2026-07-15 12:39:14,"Rs. 3,26,256.18",SETTLED
TXNA0DFE6102216,2026-07-15 04:26:39,"8,97,596.22",SETTLED
TXNA0DFE6101449,2026-07-15 04:42:51,"8,32,161.77",SETTLED
TXNA0DFE6101981,2026-07-15 02:27:10,"2,24,328.62/-",SETTLED
TXNA0DFE6102515,2026-07-15 16:13:39,"Rs. 5,46,744.74",SETTLED
TXNA0DFE6101112,2026-07-15 03:42:34,"6,13,698.34",SETTLED
TXNA0DFE6103729,2026-07-15 12:50:40,"8,30,107.20",SETTLED
TXNA0DFE6100654,2026-07-15 02:05:19,"7,57,994.15/-",SETTLED
TXNA0DFE6101816,2026-07-15 07:45:16,"Rs. 2,05,216.71",SETTLED
TXNA0DFE6100609,2026-07-15 07:28:49,"6,05,777.21",SETTLED
TXNA0DFE6100643,2026-07-15 12:04:09,"2,42,569.87",SETTLED
TXNA0DFE6102369,2026-07-15 04:20:05,"6,11,242.92/-",SETTLED
TXNA0DFE6100224,2026-07-15 06:24:42,"Rs. 6,80,342.22",SETTLED
TXNA0DFE6103403,2026-07-15 08:11:48,"50,562.92",SETTLED
TXNA0DFE6102681,2026-07-15 01:59:28,"2,25,797.33",SETTLED
TXNA0DFE6101188,2026-07-15 15:44:09,"4,22,019.13/-",SETTLED
TXNA0DFE6102025,2026-07-15 04:41:57,"Rs. 3,52,854.46",SETTLED
TXNA0DFE6103656,2026-07-15 05:26:03,"45,156.88",SETTLED
TXNA0DFE6101483,2026-07-15 03:12:38,"5,95,623.96",SETTLED
TXNA0DFE6103120,2026-07-15 14:00:24,"5,32,023.59/-",SETTLED
TXNA0DFE6103537,2026-07-15 06:41:10,"Rs. 1,40,930.15",SETTLED
TXNA0DFE6103159,2026-07-15 13:01:01,"1,96,331.28",SETTLED
TXNA0DFE6101376,2026-07-15 07:03:37,"5,13,730.02",SETTLED
TXNA0DFE6101303,2026-07-15 15:17:14,"7,40,900.58/-",SETTLED
TXNA0DFE6100919,2026-07-15 14:42:55,"Rs. 3,47,389.86",SETTLED
TXNA0DFE6102786,2026-07-15 13:20:36,"4,67,462.57",SETTLED
TXNA0DFE6100732,2026-07-15 03:13:46,"6,88,479.79",SETTLED
TXNA0DFE6102878,2026-07-15 15:51:20,"2,69,765.20/-",SETTLED
TXNA0DFE6101968,2026-07-15 02:01:35,"Rs. 7,18,462.52",SETTLED
TXNA0DFE6103398,2026-07-15 01:29:55,"8,54,967.37",SETTLED
TXNA0DFE6102499,2026-07-15 10:03:18,"8,61,573.89",SETTLED
TXNA0DFE6100883,2026-07-15 11:49:44,"4,02,740.40/-",SETTLED
TXNA0DFE6101744,2026-07-15 12:31:47,"Rs. 2,26,643.66",SETTLED
TXNA0DFE6103090,2026-07-15 11:21:10,"5,11,162.38",SETTLED
TXNA0DFE6100467,2026-07-15 07:53:16,"6,20,642.38",SETTLED
TXNA0DFE6101492,2026-07-15 08:06:27,"7,32,911.68/-",SETTLED
TXNA0DFE6103756,2026-07-15 03:21:23,"Rs. 7,49,787.66",SETTLED
TXNA0DFE6100743,2026-07-15 06:58:13,"4,88,395.89",SETTLED
TXNA0DFE6101341,2026-07-15 07:23:13,"6,04,480.28",SETTLED
TXNA0DFE6103772,2026-07-15 04:36:35,"3,55,186.81/-",SETTLED
TXNA0DFE6102678,2026-07-15 03:58:56,"Rs. 4,17,170.37",SETTLED
TXNA0DFE6100271,2026-07-15 09:32:12,"3,46,498.75",SETTLED
TXNA0DFE6103017,2026-07-15 14:50:58,"1,78,043.46",SETTLED
TXNA0DFE6100621,2026-07-15 07:55:01,"3,63,093.00/-",SETTLED
TXNA0DFE6101670,2026-07-15 11:55:29,"Rs. 6,33,277.97",SETTLED
TXNA0DFE6100175,2026-07-15 03:58:31,"7,81,245.04",SETTLED
TXNA0DFE6101106,2026-07-15 04:31:28,"4,75,090.18",SETTLED
TXNA0DFE6102352,2026-07-15 07:41:48,"35,509.68/-",SETTLED
TXNA0DFE6101842,2026-07-15 07:38:28,"Rs. 3,88,850.49",SETTLED
TXNA0DFE6101957,2026-07-15 10:47:36,"3,27,263.29",SETTLED
TXNA0DFE6102149,2026-07-15 06:39:50,"6,08,413.15",SETTLED
TXNA0DFE6102896,2026-07-15 10:40:19,"8,26,540.70/-",SETTLED
TXNA0DFE6100860,2026-07-15 05:55:31,"Rs. 7,92,851.14",SETTLED
TXNA0DFE6103571,2026-07-15 03:44:46,"8,71,861.52",SETTLED
TXNA0DFE6100667,2026-07-15 13:19:20,"52,473.60",SETTLED
TXNA0DFE6102540,2026-07-15 02:27:24,"2,16,765.83/-",SETTLED
TXNA0DFE6101614,2026-07-15 05:20:13,"Rs. 5,59,658.08",SETTLED
TXNA0DFE6101437,2026-07-15 15:42:14,"4,70,876.70",SETTLED
TXNA0DFE6103186,2026-07-15 14:20:29,"6,56,757.59",SETTLED
TXNA0DFE6101964,2026-07-15 05:43:07,"3,93,105.59/-",SETTLED
TXNA0DFE6102859,2026-07-15 08:56:04,"Rs. 7,36,820.32",SETTLED
TXNA0DFE6102998,2026-07-15 06:39:05,"8,93,379.11",SETTLED
TXNA0DFE6101982,2026-07-15 12:22:13,"8,78,998.27",SETTLED
TXNA0DFE6103132,2026-07-15 11:36:51,"33,080.37/-",SETTLED
TXNA0DFE6100256,2026-07-15 08:37:45,"Rs. 1,71,827.04",SETTLED
TXNA0DFE6101759,2026-07-15 10:02:12,"5,80,930.49",SETTLED
TXNA0DFE6102773,2026-07-15 06:34:47,"2,50,204.17",SETTLED
TXNA0DFE6100252,2026-07-15 13:00:41,"8,39,526.84/-",SETTLED
TXNA0DFE6101041,2026-07-15 10:46:49,"Rs. 6,76,954.89",SETTLED
TXNA0DFE6100246,2026-07-15 01:33:41,"41,173.40",SETTLED
TXNA0DFE6103612,2026-07-15 09:35:36,"18,227.35",SETTLED
TXNA0DFE6102711,2026-07-15 10:06:18,"7,10,007.36/-",SETTLED
TXNA0DFE6100511,2026-07-15 15:24:28,"Rs. 6,05,935.27",SETTLED
TXNA0DFE6102256,2026-07-15 04:06:00,"7,20,209.08",SETTLED
TXNA0DFE6103617,2026-07-15 12:14:59,"49,379.71",SETTLED
TXNA0DFE6101068,2026-07-15 02:59:06,"6,31,691.10/-",SETTLED
TXNA0DFE6102390,2026-07-15 14:32:31,"Rs. 10,224.41",SETTLED
TXNA0DFE6100461,2026-07-15 14:56:41,"1,19,499.08",SETTLED
TXNA0DFE6103726,2026-07-15 07:40:25,"3,25,409.47",SETTLED
TXNA0DFE6100608,2026-07-15 15:03:29,"6,30,474.61/-",SETTLED
TXNA0DFE6100880,2026-07-15 04:25:51,"Rs. 3,35,782.85",SETTLED
TXNA0DFE6103285,2026-07-15 10:12:08,"5,27,793.68",SETTLED
TXNA0DFE6100389,2026-07-15 09:25:35,"8,07,965.90",SETTLED
TXNA0DFE6102244,2026-07-15 03:22:32,"6,88,084.32/-",SETTLED
TXNA0DFE6100259,2026-07-15 07:59:28,"Rs. 2,81,224.30",SETTLED
TXNA0DFE6101338,2026-07-15 16:01:39,"1,46,820.18",SETTLED
TXNA0DFE6100889,2026-07-15 14:07:15,"7,00,708.72",SETTLED
TXNA0DFE6101872,2026-07-15 11:05:39,"3,10,941.29/-",SETTLED
TXNA0DFE6101179,2026-07-15 00:58:24,"Rs. 4,54,597.86",SETTLED
TXNA0DFE6100243,2026-07-15 02:43:57,"1,25,390.28",SETTLED
TXNA0DFE6102336,2026-07-15 15:40:57,"5,51,739.45",SETTLED
TXNA0DFE6100740,2026-07-15 14:49:50,"6,85,329.21/-",SETTLED
TXNA0DFE6103021,2026-07-15 10:07:42,"Rs. 5,25,624.39",SETTLED
TXNA0DFE6102950,2026-07-15 15:20:34,"6,93,059.77",SETTLED
TXNA0DFE6101038,2026-07-15 01:11:34,"4,67,010.90",SETTLED
TXNA0DFE6103498,2026-07-15 06:27:16,"3,59,197.64/-",SETTLED
TXNA0DFE6101171,2026-07-15 07:34:44,"Rs. 4,24,606.93",SETTLED
TXNA0DFE6102020,2026-07-15 04:30:02,"8,758.14",SETTLED
TXNA0DFE6101133,2026-07-15 10:46:26,"1,93,369.45",SETTLED
TXNA0DFE6103526,2026-07-15 16:05:06,"1,56,786.41/-",SETTLED
TXNA0DFE6103674,2026-07-15 11:30:29,"Rs. 7,35,610.11",SETTLED
TXNA0DFE6103087,2026-07-15 10:20:48,"5,41,349.52",SETTLED
TXNA0DFE6100847,2026-07-15 04:41:51,"7,58,424.01",SETTLED
TXNA0DFE6100986,2026-07-15 12:17:53,"33,230.16/-",SETTLED
TXNA0DFE6101728,2026-07-15 09:09:43,"Rs. 3,46,701.40",SETTLED
TXNA0DFE6100086,2026-07-15 15:09:53,"4,31,670.22",SETTLED
TXNA0DFE6100037,2026-07-15 13:43:09,"7,46,247.37",SETTLED
TXNA0DFE6101971,2026-07-15 07:22:27,"2,17,340.14/-",SETTLED
TXNA0DFE6101083,2026-07-15 03:28:12,"Rs. 1,49,020.13",SETTLED
TXNA0DFE6101058,2026-07-15 03:16:04,"7,20,086.36",SETTLED
TXNA0DFE6101282,2026-07-15 09:58:59,"4,29,415.92",SETTLED
TXNA0DFE6101905,2026-07-15 02:39:13,"7,63,391.46/-",SETTLED
TXNA0DFE6102010,2026-07-15 05:38:35,"Rs. 6,58,408.40",SETTLED
TXNA0DFE6100151,2026-07-15 12:41:27,"5,74,312.98",SETTLED
TXNA0DFE6101817,2026-07-15 01:04:25,"3,72,305.93",SETTLED
TXNA0DFE6100744,2026-07-15 14:05:27,"15,234.79/-",SETTLED
TXNA0DFE6100282,2026-07-15 08:35:55,"Rs. 4,84,175.29",SETTLED
TXNA0DFE6103783,2026-07-15 12:03:02,"3,59,938.00",SETTLED
TXNA0DFE6101153,2026-07-15 00:45:48,"5,07,080.24",SETTLED
TXNA0DFE6101665,2026-07-15 04:45:40,"8,41,058.74/-",SETTLED
TXNA0DFE6102907,2026-07-15 06:59:17,"Rs. 1,92,100.29",SETTLED
TXNA0DFE6102314,2026-07-15 13:42:39,"6,14,402.19",SETTLED
TXNA0DFE6102444,2026-07-15 09:53:15,"94,370.75",SETTLED
TXNA0DFE6101427,2026-07-15 03:58:06,"2,40,353.87/-",SETTLED
TXNA0DFE6102426,2026-07-15 01:32:33,"Rs. 62,572.61",SETTLED
TXNA0DFE6101344,2026-07-15 04:38:13,"4,60,362.33",SETTLED
TXNA0DFE6101387,2026-07-15 16:04:13,"4,47,485.83",SETTLED
TXNA0DFE6101857,2026-07-15 12:41:52,"7,97,948.97/-",SETTLED
TXNA0DFE6100679,2026-07-15 06:13:17,"Rs. 1,93,827.06",SETTLED
TXNA0DFE6102519,2026-07-15 03:47:11,"33,853.16",SETTLED
TXNA0DFE6103577,2026-07-15 08:36:50,"4,10,613.15",SETTLED
TXNA0DFE6101674,2026-07-15 05:18:19,"2,95,661.56/-",SETTLED
TXNA0DFE6103116,2026-07-15 05:19:52,"Rs. 3,50,536.26",SETTLED
TXNA0DFE6102944,2026-07-15 02:55:58,"6,00,741.43",SETTLED
TXNA0DFE6100254,2026-07-15 14:18:23,"91,073.94",SETTLED
TXNA0DFE6102765,2026-07-15 10:35:14,"3,95,962.32/-",SETTLED
TXNA0DFE6102648,2026-07-15 13:38:48,"Rs. 83,289.92",SETTLED
TXNA0DFE6100275,2026-07-15 14:25:56,"6,82,557.58",SETTLED
TXNA0DFE6102747,2026-07-15 01:12:48,"1,32,031.79",SETTLED
TXNA0DFE6101992,2026-07-15 10:09:24,"3,13,510.86/-",SETTLED
TXNA0DFE6102727,2026-07-15 13:15:38,"Rs. 6,02,910.60",SETTLED
TXNA0DFE6103589,2026-07-15 14:48:12,"4,80,675.70",SETTLED
TXNA0DFE6103540,2026-07-15 12:07:32,"2,60,617.25",SETTLED
TXNA0DFE6100811,2026-07-15 03:55:12,"3,10,852.85/-",SETTLED
TXNA0DFE6102850,2026-07-15 10:29:30,"Rs. 4,85,771.77",SETTLED
TXNA0DFE6102927,2026-07-15 05:51:44,"61,354.91",SETTLED
TXNA0DFE6101061,2026-07-15 13:31:47,"5,57,914.72",SETTLED
TXNA0DFE6102964,2026-07-15 08:50:42,"2,63,241.80/-",SETTLED
TXNA0DFE6350013,2026-07-15 18:37:05,"Rs. 1,01,639.57",SETTLED
TXNA0DFE6103734,2026-07-15 08:01:41,"5,65,699.24",SETTLED
TXNA0DFE6102354,2026-07-15 02:19:19,"1,57,106.79",SETTLED
TXNA0DFE6102220,2026-07-15 08:35:20,"1,98,094.91/-",SETTLED
TXNA0DFE6101124,2026-07-15 02:56:09,"Rs. 5,54,521.04",SETTLED
TXNA0DFE6100514,2026-07-15 01:22:53,"7,72,160.30",SETTLED
TXNA0DFE6102776,2026-07-15 03:49:25,"1,64,551.56",SETTLED
TXNA0DFE6102887,2026-07-15 14:57:18,"5,54,864.90/-",SETTLED
TXNA0DFE6100169,2026-07-15 08:14:10,"Rs. 7,08,084.08",SETTLED
TXNA0DFE6101275,2026-07-15 09:46:55,"7,52,815.57",SETTLED
TXNA0DFE6100790,2026-07-15 08:12:31,"6,15,151.79",SETTLED
TXNA0DFE6102355,2026-07-15 00:38:34,"1,84,103.08/-",SETTLED
TXNA0DFE6101321,2026-07-15 05:33:09,"Rs. 88,541.69",SETTLED
TXNA0DFE6101024,2026-07-15 10:52:24,"6,39,730.09",SETTLED
TXNA0DFE6101767,2026-07-15 13:00:07,"1,19,088.20",SETTLED
TXNA0DFE6102613,2026-07-15 15:04:58,"7,52,703.90/-",SETTLED
TXNA0DFE6103149,2026-07-15 02:42:14,"Rs. 2,64,302.60",SETTLED
TXNA0DFE6101920,2026-07-15 11:40:46,"4,32,189.35",SETTLED
TXNA0DFE6103344,2026-07-15 15:02:38,"5,25,504.62",SETTLED
TXNA0DFE6103669,2026-07-15 15:25:46,"4,77,770.36/-",SETTLED
TXNA0DFE6101884,2026-07-15 12:39:06,"Rs. 6,32,977.48",SETTLED
TXNA0DFE6101976,2026-07-15 06:30:43,"6,37,840.62",SETTLED
TXNA0DFE6100715,2026-07-15 13:42:15,"2,74,873.67",SETTLED
TXNA0DFE6101999,2026-07-15 08:55:27,"5,42,508.75/-",SETTLED
TXNA0DFE6102234,2026-07-15 09:48:38,"Rs. 6,17,673.35",SETTLED
TXNA0DFE6101889,2026-07-15 15:01:55,"3,48,451.27",SETTLED
TXNA0DFE6101122,2026-07-15 15:18:03,"5,95,023.99",SETTLED
TXNA0DFE6100287,2026-07-15 02:30:32,"4,97,285.34/-",SETTLED
TXNA0DFE6102172,2026-07-15 00:47:40,"Rs. 36,233.95",SETTLED
TXNA0DFE6101297,2026-07-15 09:18:09,"5,46,800.07",SETTLED
TXNA0DFE6400000-1,2026-07-15 07:51:00,"1,20,321.30",SETTLED
TXNA0DFE6101730,2026-07-15 12:53:15,"6,86,873.15/-",SETTLED
TXNA0DFE6101540,2026-07-15 02:51:36,"Rs. 8,30,768.48",SETTLED
TXNA0DFE6100197,2026-07-15 15:11:41,"3,88,312.77",SETTLED
TXNA0DFE6102656,2026-07-15 02:09:55,"3,44,474.82",SETTLED
TXNA0DFE6102942,2026-07-15 01:44:22,"8,69,768.96/-",SETTLED
TXNA0DFE6350003,2026-07-15 19:03:28,"Rs. 3,67,847.25",SETTLED
TXNA0DFE6103031,2026-07-15 03:53:50,"8,88,108.36",SETTLED
TXNA0DFE6101312,2026-07-15 05:57:29,"5,81,136.14",SETTLED
TXNA0DFE6100886,2026-07-15 13:03:11,"4,50,053.58/-",SETTLED
TXNA0DFE6101280,2026-07-15 15:58:51,"Rs. 6,45,569.22",SETTLED
TXNA0DFE6101912,2026-07-15 02:41:31,"3,41,103.94",SETTLED
TXNA0DFE6101645,2026-07-15 07:18:54,"8,54,227.39",SETTLED
TXNA0DFE6100759,2026-07-15 11:26:41,"17,424.05/-",SETTLED
TXNA0DFE6103671,2026-07-15 00:53:46,"Rs. 5,47,926.74",SETTLED
TXNA0DFE6102431,2026-07-15 05:10:52,"8,30,213.46",SETTLED
TXNA0DFE6103070,2026-07-15 06:46:30,"7,97,163.76",SETTLED
TXNA0DFE6100501,2026-07-15 10:14:19,"2,94,928.62/-",SETTLED
TXNA0DFE6101418,2026-07-15 06:28:48,"Rs. 2,08,621.21",SETTLED
TXNA0DFE6102134,2026-07-15 15:47:06,"5,88,280.36",SETTLED
TXNA0DFE6103127,2026-07-15 01:29:43,"5,54,532.87",SETTLED
TXNA0DFE6101348,2026-07-15 03:31:23,"3,68,922.97/-",SETTLED
TXNA0DFE6100730,2026-07-15 01:13:10,"Rs. 1,76,229.43",SETTLED
TXNA0DFE6103180,2026-07-15 06:39:48,"2,09,505.05",SETTLED
TXNA0DFE6102119,2026-07-15 01:03:49,"1,10,482.15",SETTLED
TXNA0DFE6102743,2026-07-15 08:53:57,"7,08,847.97/-",SETTLED
TXNA0DFE6101013,2026-07-15 08:44:46,"Rs. 7,16,951.28",SETTLED
TXNA0DFE6101509,2026-07-15 13:06:43,"2,36,447.00",SETTLED
TXNA0DFE6102225,2026-07-15 04:34:41,"4,64,318.72",SETTLED
TXNA0DFE6100995,2026-07-15 12:13:36,"4,09,602.75/-",SETTLED
TXNA0DFE6100494,2026-07-15 04:11:36,"Rs. 96,661.03",SETTLED
TXNA0DFE6102512,2026-07-15 06:10:50,"7,78,885.38",SETTLED
TXNA0DFE6103778,2026-07-15 06:28:14,"1,34,466.05",SETTLED
TXNA0DFE6100011,2026-07-15 01:44:38,"4,26,577.66/-",SETTLED
TXNA0DFE6100010,2026-07-15 01:11:04,"Rs. 2,66,394.71",SETTLED
TXNA0DFE6101049,2026-07-15 02:34:54,"5,26,551.03",SETTLED
TXNA0DFE6102042,2026-07-15 07:26:38,"1,82,346.48",SETTLED
TXNA0DFE6102957,2026-07-15 07:26:00,"70,954.36/-",SETTLED
TXNA0DFE6102952,2026-07-15 05:53:40,"Rs. 5,52,110.54",SETTLED
TXNA0DFE6100573,2026-07-15 08:28:25,"8,05,895.72",SETTLED
TXNA0DFE6102145,2026-07-15 11:59:32,"4,79,022.82",SETTLED
TXNA0DFE6102299,2026-07-15 07:36:09,"8,49,655.90/-",SETTLED
TXNA0DFE6100813,2026-07-15 06:36:05,"Rs. 8,80,444.09",SETTLED
TXNA0DFE6101937,2026-07-15 08:19:49,"2,57,330.71",SETTLED
TXNA0DFE6101609,2026-07-15 12:41:37,"6,85,772.64",SETTLED
TXNA0DFE6102351,2026-07-15 01:53:53,"69,025.46/-",SETTLED
TXNA0DFE6102643,2026-07-15 02:25:08,"Rs. 7,98,896.93",SETTLED
TXNA0DFE6102377,2026-07-15 08:29:39,"4,26,767.53",SETTLED
TXNA0DFE6102963,2026-07-15 11:46:45,"1,95,456.20",SETTLED
TXNA0DFE6102179,2026-07-15 15:52:22,"5,45,103.19/-",SETTLED
TXNA0DFE6103484,2026-07-15 02:04:00,"Rs. 2,23,448.86",SETTLED
TXNA0DFE6100974,2026-07-15 13:50:26,"1,25,271.38",SETTLED
TXNA0DFE6102157,2026-07-15 04:00:52,"6,85,312.79",SETTLED
TXNA0DFE6101313,2026-07-15 16:12:33,"5,57,502.49/-",SETTLED
TXNA0DFE6103102,2026-07-15 08:56:43,"Rs. 42,281.29",SETTLED
TXNA0DFE6103404,2026-07-15 13:32:27,"4,72,051.09",SETTLED
TXNA0DFE6101894,2026-07-15 10:29:59,"3,26,470.30",SETTLED
TXNA0DFE6103519,2026-07-15 05:52:15,"3,72,457.54/-",SETTLED
TXNA0DFE6103405,2026-07-15 04:13:00,"Rs. 5,45,755.57",SETTLED
TXNA0DFE6102567,2026-07-15 05:33:08,"6,97,298.09",SETTLED
TXNA0DFE6101467,2026-07-15 06:25:34,"81,331.95",SETTLED
TXNA0DFE6101092,2026-07-15 00:52:43,"1,72,080.68/-",SETTLED
TXNA0DFE6102958,2026-07-15 05:34:44,"Rs. 3,99,936.92",SETTLED
TXNA0DFE6100938,2026-07-15 11:20:01,"5,66,396.09",SETTLED
TXNA0DFE6100727,2026-07-15 09:59:06,"7,20,221.89",SETTLED
TXNA0DFE6100458,2026-07-15 15:59:52,"5,30,058.91/-",SETTLED
TXNA0DFE6102948,2026-07-15 15:29:48,"Rs. 8,72,069.60",SETTLED
TXNA0DFE6103553,2026-07-15 10:09:08,"4,23,895.32",SETTLED
TXNA0DFE6103418,2026-07-15 02:48:39,"7,77,109.03",SETTLED
TXNA0DFE6103343,2026-07-15 01:02:15,"7,85,038.93/-",SETTLED
TXNA0DFE6101898,2026-07-15 15:57:53,"Rs. 6,24,286.23",SETTLED
TXNA0DFE6101334,2026-07-15 05:23:33,"7,52,129.83",SETTLED
TXNA0DFE6100664,2026-07-15 10:04:13,"4,84,781.58",SETTLED
TXNA0DFE6101281,2026-07-15 13:02:41,"3,07,049.00/-",SETTLED
TXNA0DFE6102424,2026-07-15 12:32:42,"Rs. 2,72,235.64",SETTLED
TXNA0DFE6102492,2026-07-15 12:29:12,"5,34,120.33",SETTLED
TXNA0DFE6101284,2026-07-15 13:39:35,"8,44,143.60",SETTLED
TXNA0DFE6100199,2026-07-15 15:10:52,"6,89,569.47/-",SETTLED
TXNA0DFE6101332,2026-07-15 05:47:22,"Rs. 8,42,809.53",SETTLED
TXNA0DFE6103543,2026-07-15 06:30:59,"8,15,927.67",SETTLED
TXNA0DFE6101301,2026-07-15 10:32:02,"6,88,758.17",SETTLED
TXNA0DFE6101827,2026-07-15 01:29:00,"1,19,542.42/-",SETTLED
TXNA0DFE6102852,2026-07-15 01:01:01,"Rs. 2,86,395.77",SETTLED
TXNA0DFE6100406,2026-07-15 05:45:52,"6,14,848.83",SETTLED
TXNA0DFE6100607,2026-07-15 02:07:24,"98,680.27",SETTLED
TXNA0DFE6103601,2026-07-15 09:16:16,"7,00,769.98/-",SETTLED
TXNA0DFE6102772,2026-07-15 15:11:48,"Rs. 5,42,530.76",SETTLED
TXNA0DFE6101443,2026-07-15 06:25:09,"3,02,561.52",SETTLED
TXNA0DFE6101109,2026-07-15 03:48:09,"3,84,007.80",SETTLED
TXNA0DFE6103645,2026-07-15 02:33:41,"6,27,761.31/-",SETTLED
TXNA0DFE6101416,2026-07-15 09:18:16,"Rs. 3,79,889.94",SETTLED
TXNA0DFE6100429,2026-07-15 13:48:43,"4,69,392.05",SETTLED
TXNA0DFE6101318,2026-07-15 10:01:33,"1,30,955.73",SETTLED
TXNA0DFE6101434,2026-07-15 12:56:30,"31,994.36/-",SETTLED
TXNA0DFE6100364,2026-07-15 02:46:40,"Rs. 5,27,308.43",SETTLED
TXNA0DFE6101223,2026-07-15 01:23:26,"1,69,540.75",SETTLED
TXNA0DFE6102630,2026-07-15 12:35:32,"6,26,957.21",SETTLED
TXNA0DFE6101431,2026-07-15 14:08:14,"5,80,645.26/-",SETTLED
TXNA0DFE6103752,2026-07-15 15:47:02,"Rs. 6,75,111.79",SETTLED
TXNA0DFE6103512,2026-07-15 12:01:46,"1,55,781.14",SETTLED
TXNA0DFE6101191,2026-07-15 03:04:42,"2,56,122.31",SETTLED
TXNA0DFE6101797,2026-07-15 13:47:36,"1,86,801.80/-",SETTLED
TXNA0DFE6103148,2026-07-15 16:27:59,"Rs. 8,15,230.45",SETTLED
TXNA0DFE6101224,2026-07-15 05:19:08,"1,56,528.67",SETTLED
TXNA0DFE6100105,2026-07-15 05:25:36,"4,62,376.27",SETTLED
TXNA0DFE6101694,2026-07-15 10:27:58,"7,76,481.01/-",SETTLED
TXNA0DFE6103441,2026-07-15 09:00:15,"Rs. 3,36,603.66",SETTLED
TXNA0DFE6101505,2026-07-15 16:11:50,"2,14,302.11",SETTLED
TXNA0DFE6103241,2026-07-15 06:44:30,"8,15,346.99",SETTLED
TXNA0DFE6101141,2026-07-15 07:02:43,"2,51,973.35/-",SETTLED
TXNA0DFE6103055,2026-07-15 00:48:42,"Rs. 3,97,620.67",SETTLED
TXNA0DFE6100777,2026-07-15 05:31:07,"8,25,222.53",SETTLED
TXNA0DFE6101343,2026-07-15 04:04:01,"3,17,414.77",SETTLED
TXNA0DFE6100580,2026-07-15 06:37:43,"2,70,333.80/-",SETTLED
TXNA0DFE6101229,2026-07-15 06:18:09,"Rs. 1,26,580.53",SETTLED
TXNA0DFE6102982,2026-07-15 08:24:32,"84,224.75",SETTLED
TXNA0DFE6102527,2026-07-15 07:57:56,"7,95,182.16",SETTLED
TXNA0DFE6101056,2026-07-15 08:06:22,"8,67,476.25/-",SETTLED
TXNA0DFE6100493,2026-07-15 12:30:03,"Rs. 1,74,383.74",SETTLED
TXNA0DFE6103268,2026-07-15 01:45:34,"3,64,817.52",SETTLED
TXNA0DFE6101725,2026-07-15 11:56:04,"5,29,799.65",SETTLED
TXNA0DFE6103638,2026-07-15 05:43:55,"7,93,447.03/-",SETTLED
TXNA0DFE6100033,2026-07-15 10:11:07,"Rs. 4,29,037.25",SETTLED
TXNA0DFE6103174,2026-07-15 12:23:44,"4,09,169.82",SETTLED
TXNA0DFE6103290,2026-07-15 07:51:14,"30,896.54",SETTLED
TXNA0DFE6100368,2026-07-15 08:02:07,"2,37,660.56/-",SETTLED
TXNA0DFE6103429,2026-07-15 08:34:44,"Rs. 1,72,120.84",SETTLED
TXNA0DFE6100712,2026-07-15 12:09:00,"8,07,547.93",SETTLED
TXNA0DFE6100666,2026-07-15 15:43:43,"8,48,536.42",SETTLED
TXNA0DFE6102587,2026-07-15 08:04:29,"3,69,931.32/-",SETTLED
TXNA0DFE6102672,2026-07-15 08:02:43,"Rs. 3,97,110.56",SETTLED
TXNA0DFE6101532,2026-07-15 08:12:26,"93,443.52",SETTLED
TXNA0DFE6100853,2026-07-15 13:58:17,"2,22,530.09",SETTLED
TXNA0DFE6100902,2026-07-15 09:15:41,"4,93,085.00/-",SETTLED
TXNA0DFE6100687,2026-07-15 07:34:08,"Rs. 3,34,801.99",SETTLED
TXNA0DFE6101790,2026-07-15 05:06:21,"1,80,708.64",SETTLED
TXNA0DFE6100280,2026-07-15 11:33:42,"7,45,950.42",SETTLED
TXNA0DFE6100854,2026-07-15 04:47:54,"3,74,785.76/-",SETTLED
TXNA0DFE6103357,2026-07-15 01:01:55,"Rs. 1,19,460.29",SETTLED
TXNA0DFE6101682,2026-07-15 15:37:31,"8,82,556.87",SETTLED
TXNA0DFE6103760,2026-07-15 16:23:53,"51,359.81",SETTLED
TXNA0DFE6103084,2026-07-15 10:59:09,"1,26,944.12/-",SETTLED
TXNA0DFE6100396,2026-07-15 08:58:38,"Rs. 41,935.30",SETTLED
TXNA0DFE6100594,2026-07-15 12:55:09,"2,23,804.74",SETTLED
TXNA0DFE6103485,2026-07-15 08:38:02,"2,05,270.07",SETTLED
TXNA0DFE6101020,2026-07-15 05:08:15,"1,60,374.33/-",SETTLED
TXNA0DFE6101684,2026-07-15 03:12:16,"Rs. 5,13,726.68",SETTLED
TXNA0DFE6103270,2026-07-15 08:36:52,"77,945.54",SETTLED
TXNA0DFE6102282,2026-07-15 02:30:29,"1,31,602.13",SETTLED
TXNA0DFE6100524,2026-07-15 07:05:46,"58,942.35/-",SETTLED
TXNA0DFE6102281,2026-07-15 09:21:44,"Rs. 1,54,912.84",SETTLED
TXNA0DFE6102809,2026-07-15 06:07:59,"8,28,706.29",SETTLED
TXNA0DFE6100351,2026-07-15 02:39:11,"6,92,193.52",SETTLED
TXNA0DFE6102565,2026-07-15 01:19:20,"1,76,731.22/-",SETTLED
TXNA0DFE6100652,2026-07-15 12:33:52,"Rs. 1,13,427.77",SETTLED
TXNA0DFE6101479,2026-07-15 08:44:21,"4,83,234.86",SETTLED
TXNA0DFE6101040,2026-07-15 13:09:08,"51,063.57",SETTLED
TXNA0DFE6101955,2026-07-15 15:24:27,"1,44,131.16/-",SETTLED
TXNA0DFE6102682,2026-07-15 01:43:34,"Rs. 6,33,586.76",SETTLED
TXNA0DFE6100858,2026-07-15 05:57:48,"3,92,988.91",SETTLED
TXNA0DFE6100336,2026-07-15 01:02:55,"6,31,726.76",SETTLED
TXNA0DFE6101573,2026-07-15 09:42:34,"2,00,808.05/-",SETTLED
TXNA0DFE6101079,2026-07-15 04:59:03,"Rs. 6,50,488.96",SETTLED
TXNA0DFE6101799,2026-07-15 05:39:45,"7,46,982.58",SETTLED
TXNA0DFE6102559,2026-07-15 02:39:59,"7,51,188.43",SETTLED
TXNA0DFE6102082,2026-07-15 04:22:42,"5,66,540.43/-",SETTLED
TXNA0DFE6102555,2026-07-15 13:27:34,"Rs. 6,58,112.20",SETTLED
TXNA0DFE6102200,2026-07-15 13:28:49,"7,54,728.86",SETTLED
TXNA0DFE6103550,2026-07-15 01:57:44,"6,96,121.64",SETTLED
TXNA0DFE6100729,2026-07-15 10:47:29,"6,32,122.37/-",SETTLED
TXNA0DFE6100362,2026-07-15 13:09:46,"Rs. 7,32,112.38",SETTLED
TXNA0DFE6102593,2026-07-15 01:28:57,"1,61,657.54",SETTLED
TXNA0DFE6100845,2026-07-15 01:44:02,"3,23,330.77",SETTLED
TXNA0DFE6101591,2026-07-15 14:39:30,"5,42,358.20/-",SETTLED
TXNA0DFE6102089,2026-07-15 09:31:28,"Rs. 2,22,904.26",SETTLED
TXNA0DFE6103410,2026-07-15 06:12:41,"2,44,319.90",SETTLED
TXNA0DFE6102324,2026-07-15 16:22:01,"8,93,921.77",SETTLED
TXNA0DFE6100984,2026-07-15 02:16:51,"3,49,982.64/-",SETTLED
TXNA0DFE6101377,2026-07-15 08:43:17,"Rs. 6,80,729.26",SETTLED
TXNA0DFE6102752,2026-07-15 02:39:45,"8,08,685.16",SETTLED
TXNA0DFE6300021,2026-07-14 21:19:10,"4,17,205.36",SETTLED
TXNA0DFE6101309,2026-07-15 00:37:24,"2,85,548.51/-",SETTLED
TXNA0DFE6100306,2026-07-15 08:52:12,"Rs. 3,43,806.29",SETTLED
TXNA0DFE6100049,2026-07-15 05:11:54,"4,18,557.94",SETTLED
TXNA0DFE6101908,2026-07-15 11:09:31,"5,42,763.75",SETTLED
TXNA0DFE6100602,2026-07-15 08:11:48,"1,34,855.03/-",SETTLED
TXNA0DFE6102796,2026-07-15 02:13:06,"Rs. 2,42,791.92",SETTLED
TXNA0DFE6101182,2026-07-15 05:26:48,"4,27,294.33",SETTLED
TXNA0DFE6101259,2026-07-15 12:17:13,"3,52,018.65",SETTLED
TXNA0DFE6101098,2026-07-15 15:04:32,"5,63,888.05/-",SETTLED
TXNA0DFE6102050,2026-07-15 03:56:57,"Rs. 4,62,095.34",SETTLED
TXNA0DFE6102386,2026-07-15 03:23:10,"1,16,619.94",SETTLED
TXNA0DFE6103637,2026-07-15 06:29:37,"6,87,334.72",SETTLED
TXNA0DFE6102075,2026-07-15 12:04:31,"8,31,300.42/-",SETTLED
TXNA0DFE6100298,2026-07-15 08:34:43,"Rs. 3,63,005.12",SETTLED
TXNA0DFE6102064,2026-07-15 05:04:56,"1,11,655.77",SETTLED
TXNA0DFE6103106,2026-07-15 09:03:00,"1,97,645.32",SETTLED
TXNA0DFE6100342,2026-07-15 04:15:54,"3,75,410.98/-",SETTLED
TXNA0DFE6102441,2026-07-15 07:22:08,"Rs. 3,84,082.79",SETTLED
TXNA0DFE6102674,2026-07-15 10:51:18,"3,81,514.95",SETTLED
TXNA0DFE6103024,2026-07-15 04:04:16,"3,76,154.45",SETTLED
TXNA0DFE6101186,2026-07-15 15:25:26,"24,452.75/-",SETTLED
TXNA0DFE6101158,2026-07-15 03:48:14,"Rs. 1,52,013.56",SETTLED
TXNA0DFE6103415,2026-07-15 08:54:12,"8,49,609.30",SETTLED
TXNA0DFE6101824,2026-07-15 11:51:48,"3,14,839.17",SETTLED
TXNA0DFE6103506,2026-07-15 02:03:00,"7,62,217.36/-",SETTLED
TXNA0DFE6102366,2026-07-15 01:59:57,"Rs. 5,50,421.35",SETTLED
TXNA0DFE6100932,2026-07-15 06:42:34,"8,88,768.29",SETTLED
TXNA0DFE6102222,2026-07-15 11:32:45,"2,81,481.32",SETTLED
TXNA0DFE6102287,2026-07-15 08:55:06,"5,11,679.84/-",SETTLED
TXNA0DFE6102376,2026-07-15 15:06:18,"Rs. 56,795.18",SETTLED
TXNA0DFE6100436,2026-07-15 08:35:21,"2,15,191.28",SETTLED
TXNA0DFE6102405,2026-07-15 05:31:03,"5,52,144.70",SETTLED
TXNA0DFE6103781,2026-07-15 11:58:08,"4,07,525.29/-",SETTLED
TXNA0DFE6100241,2026-07-15 05:24:32,"Rs. 16,893.68",SETTLED
TXNA0DFE6100695,2026-07-15 11:20:20,"7,00,125.58",SETTLED
TXNA0DFE6100204,2026-07-15 10:01:04,"4,90,553.60",SETTLED
TXNA0DFE6100470,2026-07-15 03:27:52,"2,71,294.65/-",SETTLED
TXNA0DFE6101556,2026-07-15 09:07:28,"Rs. 85,031.12",SETTLED
TXNA0DFE6101656,2026-07-15 12:59:26,"8,22,078.00",SETTLED
TXNA0DFE6100141,2026-07-15 13:38:55,"8,52,257.56",SETTLED
TXNA0DFE6103659,2026-07-15 13:47:38,"3,40,957.42/-",SETTLED
TXNA0DFE6101637,2026-07-15 15:48:59,"Rs. 6,63,188.44",SETTLED
TXNA0DFE6100471,2026-07-15 16:14:40,"67,718.81",SETTLED
TXNA0DFE6101444,2026-07-15 04:13:29,"4,98,876.91",SETTLED
TXNA0DFE6101162,2026-07-15 15:46:24,"3,37,292.82/-",SETTLED
TXNA0DFE6100468,2026-07-15 09:26:27,"Rs. 3,34,734.73",SETTLED
TXNA0DFE6101369,2026-07-15 11:43:08,"1,10,670.63",SETTLED
TXNA0DFE6103173,2026-07-15 03:18:41,"3,31,985.37",SETTLED
TXNA0DFE6100489,2026-07-15 04:07:20,"6,16,225.92/-",SETTLED
TXNA0DFE6101339,2026-07-15 08:16:20,"Rs. 2,19,062.26",SETTLED
TXNA0DFE6102700,2026-07-15 00:54:50,"8,38,036.33",SETTLED
TXNA0DFE6103482,2026-07-15 08:58:20,"1,42,893.74",SETTLED
TXNA0DFE6100452,2026-07-15 03:08:50,"6,53,532.10/-",SETTLED
TXNA0DFE6102195,2026-07-15 14:16:47,"Rs. 7,02,952.82",SETTLED
TXNA0DFE6102877,2026-07-15 15:01:13,"5,88,788.76",SETTLED
TXNA0DFE6100231,2026-07-15 01:50:29,"1,91,387.68",SETTLED
TXNA0DFE6101638,2026-07-15 08:26:05,"3,30,115.91/-",SETTLED
TXNA0DFE6101807,2026-07-15 03:26:14,"Rs. 7,81,447.05",SETTLED
TXNA0DFE6102059,2026-07-15 00:34:27,"1,19,404.72",SETTLED
TXNA0DFE6100165,2026-07-15 01:55:54,"8,86,503.67",SETTLED
TXNA0DFE6102860,2026-07-15 10:27:19,"8,85,649.47/-",SETTLED
TXNA0DFE6102389,2026-07-15 00:59:23,"Rs. 7,93,900.75",SETTLED
TXNA0DFE6100214,2026-07-15 01:37:57,"1,17,681.54",SETTLED
TXNA0DFE6102445,2026-07-15 03:26:12,"2,75,690.87",SETTLED
TXNA0DFE6102333,2026-07-15 11:46:32,"1,44,688.28/-",SETTLED
TXNA0DFE6102398,2026-07-15 08:14:47,"Rs. 3,00,175.11",SETTLED
TXNA0DFE6102269,2026-07-15 01:38:41,"6,99,073.04",SETTLED
TXNA0DFE6100314,2026-07-15 07:27:30,"3,97,476.26",SETTLED
TXNA0DFE6101253,2026-07-15 12:39:13,"5,88,152.95/-",SETTLED
TXNA0DFE6100142,2026-07-15 00:47:04,"Rs. 53,001.04",SETTLED
TXNA0DFE6103067,2026-07-15 01:24:19,"3,12,961.89",SETTLED
TXNA0DFE6101762,2026-07-15 04:51:46,"6,09,779.46",SETTLED
TXNA0DFE6101602,2026-07-15 05:23:51,"4,67,363.11/-",SETTLED
TXNA0DFE6101370,2026-07-15 14:57:40,"Rs. 7,14,582.02",SETTLED
TXNA0DFE6101848,2026-07-15 15:15:18,"5,23,897.52",SETTLED
TXNA0DFE6102326,2026-07-15 06:09:16,"22,512.81",SETTLED
TXNA0DFE6102311,2026-07-15 11:25:55,"1,70,470.09/-",SETTLED
TXNA0DFE6101696,2026-07-15 05:49:27,"Rs. 3,34,079.75",SETTLED
TXNA0DFE6103389,2026-07-15 04:36:25,"1,92,565.93",SETTLED
TXNA0DFE6101036,2026-07-15 14:23:45,"8,36,093.07",SETTLED
TXNA0DFE6100361,2026-07-15 11:45:03,"5,30,272.76/-",SETTLED
TXNA0DFE6103521,2026-07-15 03:35:43,"Rs. 3,45,961.27",SETTLED
TXNA0DFE6101126,2026-07-15 02:28:34,"5,76,868.60",SETTLED
TXNA0DFE6102300,2026-07-15 01:51:29,"7,53,378.89",SETTLED
TXNA0DFE6100567,2026-07-15 06:50:39,"28,619.94/-",SETTLED
TXNA0DFE6102689,2026-07-15 12:26:20,"Rs. 4,79,210.17",SETTLED
TXNA0DFE6101596,2026-07-15 02:23:59,"8,08,419.07",SETTLED
TXNA0DFE6101783,2026-07-15 14:05:28,"4,58,233.23",SETTLED
TXNA0DFE6101375,2026-07-15 06:33:07,"2,49,146.40/-",SETTLED
TXNA0DFE6100497,2026-07-15 09:33:37,"Rs. 6,99,981.00",SETTLED
TXNA0DFE6101209,2026-07-15 05:18:24,"3,21,187.29",SETTLED
TXNA0DFE6102734,2026-07-15 03:51:10,"6,56,198.57",SETTLED
TXNA0DFE6103561,2026-07-15 10:36:28,"2,83,639.96/-",SETTLED
TXNA0DFE6101118,2026-07-15 11:38:04,"Rs. 2,18,273.96",SETTLED
TXNA0DFE6100324,2026-07-15 01:42:38,"96,819.49",SETTLED
TXNA0DFE6100549,2026-07-15 14:37:43,"91,006.82",SETTLED
TXNA0DFE6101114,2026-07-15 14:41:18,"8,13,368.38/-",SETTLED
TXNA0DFE6100237,2026-07-15 06:18:25,"Rs. 2,64,755.80",SETTLED
TXNA0DFE6101801,2026-07-15 12:10:16,"6,64,413.81",SETTLED
TXNA0DFE6103227,2026-07-15 03:36:52,"4,93,381.75",SETTLED
TXNA0DFE6100716,2026-07-15 14:59:27,"4,67,543.37/-",SETTLED
TXNA0DFE6100108,2026-07-15 13:47:16,"Rs. 3,40,423.51",SETTLED
TXNA0DFE6103076,2026-07-15 10:27:50,"3,36,314.09",SETTLED
TXNA0DFE6100871,2026-07-15 04:41:54,"5,57,564.60",SETTLED
TXNA0DFE6101541,2026-07-15 12:56:28,"11,513.15/-",SETTLED
TXNA0DFE6103345,2026-07-15 09:45:45,"Rs. 8,62,113.03",SETTLED
TXNA0DFE6101340,2026-07-15 09:11:08,"2,84,319.08",SETTLED
TXNA0DFE6100227,2026-07-15 09:52:28,"6,01,193.18",SETTLED
TXNA0DFE6100601,2026-07-15 03:24:27,"4,32,574.64/-",SETTLED
TXNA0DFE6102703,2026-07-15 12:46:04,"Rs. 2,80,913.55",SETTLED
TXNA0DFE6103545,2026-07-15 04:35:26,"5,32,292.09",SETTLED
TXNA0DFE6103438,2026-07-15 03:54:54,"3,08,339.23",SETTLED
TXNA0DFE6100353,2026-07-15 12:12:42,"5,05,396.67/-",SETTLED
TXNA0DFE6100356,2026-07-15 07:49:02,"Rs. 6,47,642.20",SETTLED
TXNA0DFE6103718,2026-07-15 08:50:51,"6,53,283.67",SETTLED
TXNA0DFE6101786,2026-07-15 15:30:44,"1,70,878.79",SETTLED
TXNA0DFE6100669,2026-07-15 08:43:19,"7,43,196.63/-",SETTLED
TXNA0DFE6102954,2026-07-15 03:40:10,"Rs. 8,15,364.74",SETTLED
TXNA0DFE6103401,2026-07-15 05:20:53,"97,762.77",SETTLED
TXNA0DFE6100633,2026-07-15 00:31:50,"5,20,399.69",SETTLED
TXNA0DFE6103238,2026-07-15 11:42:08,"1,90,911.86/-",SETTLED
TXNA0DFE6102745,2026-07-15 07:41:34,"Rs. 1,20,556.19",SETTLED
TXNA0DFE6103576,2026-07-15 04:19:10,"76,568.42",SETTLED
TXNA0DFE6102446,2026-07-15 07:18:27,"6,58,892.70",SETTLED
TXNA0DFE6101288,2026-07-15 04:06:13,"5,36,044.36/-",SETTLED
TXNA0DFE6102131,2026-07-15 04:34:46,"Rs. 82,252.93",SETTLED
TXNA0DFE6100240,2026-07-15 12:31:54,"6,04,325.70",SETTLED
TXNA0DFE6102286,2026-07-15 05:27:55,"1,26,370.80",SETTLED
TXNA0DFE6101271,2026-07-15 16:22:46,"98,111.35/-",SETTLED
TXNA0DFE6100760,2026-07-15 06:02:40,"Rs. 2,37,559.29",SETTLED
TXNA0DFE6102346,2026-07-15 05:54:54,"38,593.20",SETTLED
TXNA0DFE6100369,2026-07-15 06:32:23,"1,08,447.77",SETTLED
TXNA0DFE6103615,2026-07-15 03:59:21,"2,18,514.37/-",SETTLED
TXNA0DFE6103257,2026-07-15 07:23:27,"Rs. 3,35,356.18",SETTLED
TXNA0DFE6101954,2026-07-15 00:44:46,"5,16,037.08",SETTLED
TXNA0DFE6102574,2026-07-15 09:16:07,"4,58,972.91",SETTLED
TXNA0DFE6100393,2026-07-15 04:51:52,"4,84,852.03/-",SETTLED
TXNA0DFE6103692,2026-07-15 07:52:49,"Rs. 4,17,050.67",SETTLED
TXNA0DFE6102289,2026-07-15 15:30:06,"6,71,656.45",SETTLED
TXNA0DFE6102824,2026-07-15 11:10:49,"8,98,990.65",SETTLED
TXNA0DFE6102721,2026-07-15 01:10:15,"73,861.38/-",SETTLED
TXNA0DFE6101935,2026-07-15 12:23:26,"Rs. 6,33,450.68",SETTLED
TXNA0DFE6102168,2026-07-15 14:35:34,"6,19,806.99",SETTLED
TXNA0DFE6100522,2026-07-15 12:03:22,"8,52,626.43",SETTLED
TXNA0DFE6103000,2026-07-15 13:47:31,"4,39,231.53/-",SETTLED
TXNA0DFE6100786,2026-07-15 06:10:32,"Rs. 7,82,866.71",SETTLED
TXNA0DFE6100485,2026-07-15 09:26:27,"8,53,233.90",SETTLED
TXNA0DFE6101859,2026-07-15 10:58:46,"1,45,489.80",SETTLED
TXNA0DFE6101073,2026-07-15 08:10:43,"2,47,281.69/-",SETTLED
TXNA0DFE6100916,2026-07-15 13:00:21,"Rs. 59,408.31",SETTLED
TXNA0DFE6100203,2026-07-15 10:41:19,"4,90,917.40",SETTLED
TXNA0DFE6101569,2026-07-15 12:07:48,"5,00,797.34",SETTLED
TXNA0DFE6100839,2026-07-15 01:16:47,"2,44,452.33/-",SETTLED
TXNA0DFE6100136,2026-07-15 07:55:23,"Rs. 6,09,359.19",SETTLED
TXNA0DFE6100999,2026-07-15 02:45:06,"69,001.59",SETTLED
TXNA0DFE6100062,2026-07-15 05:32:12,"7,95,467.94",SETTLED
TXNA0DFE6100479,2026-07-15 12:09:55,"7,95,314.14/-",SETTLED
TXNA0DFE6101551,2026-07-15 04:14:18,"Rs. 7,36,906.51",SETTLED
TXNA0DFE6100260,2026-07-15 14:17:11,"5,38,643.69",SETTLED
TXNA0DFE6102254,2026-07-15 14:53:58,"8,55,125.78",SETTLED
TXNA0DFE6100529,2026-07-15 01:26:46,"4,17,305.97/-",SETTLED
TXNA0DFE6102165,2026-07-15 15:20:24,"Rs. 7,96,695.40",SETTLED
TXNA0DFE6102834,2026-07-15 11:49:37,"6,46,761.24",SETTLED
TXNA0DFE6102034,2026-07-15 02:19:56,"2,61,409.83",SETTLED
TXNA0DFE6103271,2026-07-15 06:39:57,"4,81,433.81/-",SETTLED
TXNA0DFE6101974,2026-07-15 16:16:40,"Rs. 5,32,008.94",SETTLED
TXNA0DFE6102124,2026-07-15 00:45:04,"5,05,831.15",SETTLED
TXNA0DFE6100691,2026-07-15 03:30:55,"4,86,599.14",SETTLED
TXNA0DFE6103593,2026-07-15 03:56:01,"6,87,661.98/-",SETTLED
TXNA0DFE6103495,2026-07-15 05:57:03,"Rs. 5,79,127.49",SETTLED
TXNA0DFE6100372,2026-07-15 09:50:37,"2,94,587.73",SETTLED
TXNA0DFE6103279,2026-07-15 07:22:42,"4,06,915.92",SETTLED
TXNA0DFE6102977,2026-07-15 07:52:42,"7,72,528.60/-",SETTLED
TXNA0DFE6101973,2026-07-15 10:24:45,"Rs. 5,15,688.01",SETTLED
TXNA0DFE6102655,2026-07-15 07:39:13,"1,53,608.38",SETTLED
TXNA0DFE6101132,2026-07-15 11:14:14,"4,05,227.99",SETTLED
TXNA0DFE6101170,2026-07-15 11:35:09,"8,36,482.18/-",SETTLED
TXNA0DFE6101011,2026-07-15 07:43:30,"Rs. 6,00,956.99",SETTLED
TXNA0DFE6100885,2026-07-15 11:13:55,"1,76,356.06",SETTLED
TXNA0DFE6102931,2026-07-15 02:07:12,"1,98,193.40",SETTLED
TXNA0DFE6100978,2026-07-15 09:46:48,"4,17,202.92/-",SETTLED
TXNA0DFE6101478,2026-07-15 15:52:22,"Rs. 3,94,592.84",SETTLED
TXNA0DFE6102913,2026-07-15 03:44:17,"8,20,981.93",SETTLED
TXNA0DFE6103750,2026-07-15 03:33:34,"2,47,733.76",SETTLED
TXNA0DFE6101667,2026-07-15 15:28:29,"6,83,703.67/-",SETTLED
TXNA0DFE6102720,2026-07-15 14:45:59,"Rs. 84,332.45",SETTLED
TXNA0DFE6100176,2026-07-15 16:06:00,"7,25,313.32",SETTLED
TXNA0DFE6101258,2026-07-15 13:20:41,"14,575.95",SETTLED
TXNA0DFE6102501,2026-07-15 15:10:08,"1,77,879.75/-",SETTLED
TXNA0DFE6101649,2026-07-15 07:20:41,"Rs. 6,36,543.88",SETTLED
TXNA0DFE6100693,2026-07-15 00:44:25,"6,96,802.16",SETTLED
TXNA0DFE6100055,2026-07-15 11:19:32,"5,16,782.84",SETTLED
TXNA0DFE6103696,2026-07-15 04:08:46,"6,76,594.77/-",SETTLED
TXNA0DFE6100646,2026-07-15 00:32:22,"Rs. 6,84,844.72",SETTLED
TXNA0DFE6103118,2026-07-15 10:53:47,"18,256.18",SETTLED
TXNA0DFE6100172,2026-07-15 10:33:49,"3,87,882.10",SETTLED
TXNA0DFE6102191,2026-07-15 04:26:33,"6,72,061.33/-",SETTLED
TXNA0DFE6101117,2026-07-15 10:34:13,"Rs. 94,934.36",SETTLED
TXNA0DFE6103190,2026-07-15 04:49:46,"6,15,173.52",SETTLED
TXNA0DFE6103206,2026-07-15 12:03:41,"4,35,049.90",SETTLED
TXNA0DFE6100359,2026-07-15 06:07:46,"7,91,515.13/-",SETTLED
TXNA0DFE6101832,2026-07-15 01:24:35,"Rs. 8,63,188.67",SETTLED
TXNA0DFE6102524,2026-07-15 15:53:00,"3,45,320.34",SETTLED
TXNA0DFE6100600,2026-07-15 10:34:03,"7,94,182.18",SETTLED
TXNA0DFE6103251,2026-07-15 05:31:51,"12,975.63/-",SETTLED
TXNA0DFE6100002,2026-07-15 02:43:28,"Rs. 8,48,825.63",SETTLED
TXNA0DFE6100876,2026-07-15 03:14:10,"6,99,940.82",SETTLED
TXNA0DFE6102903,2026-07-15 11:17:35,"38,927.73",SETTLED
TXNA0DFE6102649,2026-07-15 08:50:22,"2,89,899.79/-",SETTLED
TXNA0DFE6102044,2026-07-15 02:55:28,"Rs. 3,73,512.30",SETTLED
TXNA0DFE6103050,2026-07-15 05:52:46,"1,16,408.14",SETTLED
TXNA0DFE6102469,2026-07-15 10:13:04,"2,67,715.32",SETTLED
TXNA0DFE6103444,2026-07-15 04:33:28,"6,88,973.17/-",SETTLED
TXNA0DFE6101302,2026-07-15 09:27:22,"Rs. 5,12,358.67",SETTLED
TXNA0DFE6101248,2026-07-15 12:46:33,"5,28,853.10",SETTLED
TXNA0DFE6102456,2026-07-15 01:36:19,"2,39,669.68",SETTLED
TXNA0DFE6103592,2026-07-15 02:24:35,"1,01,100.66/-",SETTLED
TXNA0DFE6100910,2026-07-15 10:50:10,"Rs. 3,02,044.51",SETTLED
TXNA0DFE6103240,2026-07-15 02:35:17,"6,39,234.49",SETTLED
TXNA0DFE6100332,2026-07-15 04:53:28,"8,20,577.91",SETTLED
TXNA0DFE6102742,2026-07-15 12:47:32,"58,141.55/-",SETTLED
TXNA0DFE6102899,2026-07-15 10:54:01,"Rs. 1,73,365.27",SETTLED
TXNA0DFE6103386,2026-07-15 10:42:36,"5,82,329.53",SETTLED
TXNA0DFE6200002,2026-07-15 05:42:15,"2,45,218.69",SETTLED
TXNA0DFE6102208,2026-07-15 01:34:26,"8,40,673.57/-",SETTLED
TXNA0DFE6102912,2026-07-15 14:55:38,"Rs. 8,18,622.20",SETTLED
TXNA0DFE6100394,2026-07-15 15:54:13,"3,49,571.87",SETTLED
TXNA0DFE6100769,2026-07-15 10:10:31,"8,93,320.92",SETTLED
TXNA0DFE6103262,2026-07-15 10:56:34,"3,64,114.01/-",SETTLED
TXNA0DFE6102821,2026-07-15 06:47:44,"Rs. 4,46,861.73",SETTLED
TXNA0DFE6100804,2026-07-15 05:29:23,"60,040.42",SETTLED
TXNA0DFE6101067,2026-07-15 00:53:57,"7,08,293.50",SETTLED
TXNA0DFE6300008,2026-07-14 21:30:41,"4,42,521.17/-",SETTLED
TXNA0DFE6102419,2026-07-15 00:48:01,"Rs. 7,97,718.82",SETTLED
TXNA0DFE6102459,2026-07-15 08:20:15,"1,28,202.43",SETTLED
TXNA0DFE6103065,2026-07-15 02:08:47,"8,93,606.91",SETTLED
TXNA0DFE6102570,2026-07-15 11:10:16,"7,85,967.36/-",SETTLED
TXNA0DFE6103365,2026-07-15 07:24:49,"Rs. 5,90,019.46",SETTLED
TXNA0DFE6102264,2026-07-15 10:06:49,"5,54,512.70",SETTLED
TXNA0DFE6100383,2026-07-15 02:22:31,"3,26,700.93",SETTLED
TXNA0DFE6101523,2026-07-15 07:51:36,"6,14,450.24/-",SETTLED
TXNA0DFE6103721,2026-07-15 11:37:58,"Rs. 1,75,424.33",SETTLED
TXNA0DFE6100959,2026-07-15 13:18:15,"6,62,890.61",SETTLED
TXNA0DFE6102073,2026-07-15 04:50:28,"72,148.35",SETTLED
TXNA0DFE6100598,2026-07-15 08:25:39,"3,23,745.61/-",SETTLED
TXNA0DFE6102465,2026-07-15 10:26:21,"Rs. 8,49,671.38",SETTLED
TXNA0DFE6100423,2026-07-15 15:21:02,"7,98,271.25",SETTLED
TXNA0DFE6103416,2026-07-15 12:18:21,"2,63,162.14",SETTLED
TXNA0DFE6103367,2026-07-15 11:42:26,"5,37,432.72/-",SETTLED
TXNA0DFE6100258,2026-07-15 09:26:22,"Rs. 7,51,006.07",SETTLED
TXNA0DFE6102505,2026-07-15 00:58:31,"2,49,748.93",SETTLED
TXNA0DFE6102918,2026-07-15 15:05:21,"8,17,613.33",SETTLED
TXNA0DFE6103239,2026-07-15 15:03:00,"5,77,238.51/-",SETTLED
TXNA0DFE6100202,2026-07-15 12:58:51,"Rs. 5,93,277.25",SETTLED
TXNA0DFE6100861,2026-07-15 10:54:28,"3,03,738.04",SETTLED
TXNA0DFE6500007,2026-07-15 14:11:05,"1,27,807.13",
TXNA0DFE6101711,2026-07-15 01:38:47,"7,84,108.74/-",SETTLED
TXNA0DFE6103691,2026-07-15 13:15:53,"Rs. 4,44,477.77",SETTLED
TXNA0DFE6101529,2026-07-15 07:19:13,"5,80,030.79",SETTLED
TXNA0DFE6103688,2026-07-15 07:09:42,"6,86,033.77",SETTLED
TXNA0DFE6102608,2026-07-15 14:45:05,"79,003.47/-",SETTLED
TXNA0DFE6100247,2026-07-15 07:36:10,"Rs. 3,04,256.73",SETTLED
TXNA0DFE6100401,2026-07-15 05:55:49,"2,44,036.37",SETTLED
TXNA0DFE6102933,2026-07-15 05:53:54,"5,49,473.63",SETTLED
TXNA0DFE6102188,2026-07-15 13:31:11,"4,54,847.50/-",SETTLED
TXNA0DFE6100304,2026-07-15 04:04:32,"Rs. 2,32,310.37",SETTLED
TXNA0DFE6100412,2026-07-15 11:37:21,"6,49,964.33",SETTLED
TXNA0DFE6100016,2026-07-15 16:20:26,"8,63,068.13",SETTLED
TXNA0DFE6103627,2026-07-15 08:14:15,"1,23,383.44/-",SETTLED
TXNA0DFE6101173,2026-07-15 12:22:57,"Rs. 1,75,279.87",SETTLED
TXNA0DFE6101044,2026-07-15 14:08:09,"7,67,277.01",SETTLED
TXNA0DFE6101850,2026-07-15 08:39:53,"1,83,704.98",SETTLED
TXNA0DFE6102651,2026-07-15 07:01:55,"7,42,030.04/-",SETTLED
TXNA0DFE6100392,2026-07-15 04:04:03,"Rs. 7,07,665.85",SETTLED
TXNA0DFE6103766,2026-07-15 07:23:15,"4,28,363.19",SETTLED
TXNA0DFE6200001,2026-07-15 05:41:32,"1,87,549.07",SETTLED
TXNA0DFE6101433,2026-07-15 01:29:21,"5,93,884.28/-",SETTLED
TXNA0DFE6103699,2026-07-15 07:52:27,"Rs. 6,08,041.84",SETTLED
TXNA0DFE6103461,2026-07-15 11:22:39,"2,21,992.36",SETTLED
TXNA0DFE6102637,2026-07-15 01:15:06,"5,94,421.39",SETTLED
TXNA0DFE6101765,2026-07-15 03:15:26,"5,15,644.03/-",SETTLED
TXNA0DFE6101159,2026-07-15 03:38:46,"Rs. 6,78,846.55",SETTLED
TXNA0DFE6102992,2026-07-15 10:32:28,"8,63,325.83",SETTLED
TXNA0DFE6103572,2026-07-15 10:49:37,"6,96,918.81",SETTLED
TXNA0DFE6101913,2026-07-15 09:15:13,"16,675.28/-",SETTLED
TXNA0DFE6101822,2026-07-15 05:11:43,"Rs. 8,43,619.98",SETTLED
TXNA0DFE6103451,2026-07-15 10:29:27,"5,44,904.66",SETTLED
TXNA0DFE6102966,2026-07-15 12:05:47,"2,40,767.00",SETTLED
TXNA0DFE6103609,2026-07-15 12:18:12,"4,94,024.53/-",SETTLED
TXNA0DFE6101772,2026-07-15 09:44:12,"Rs. 3,57,599.50",SETTLED
TXNA0DFE6102813,2026-07-15 01:46:24,"3,68,371.78",SETTLED
TXNA0DFE6100931,2026-07-15 07:09:31,"4,03,218.06",SETTLED
TXNA0DFE6100869,2026-07-15 13:39:38,"4,38,601.80/-",SETTLED
TXNA0DFE6100226,2026-07-15 04:03:19,"Rs. 7,24,346.67",SETTLED
TXNA0DFE6100355,2026-07-15 05:49:27,"6,38,284.66",SETTLED
TXNA0DFE6102615,2026-07-15 05:20:37,"6,02,202.47",SETTLED
TXNA0DFE6102181,2026-07-15 15:35:46,"7,98,489.71/-",SETTLED
TXNA0DFE6101984,2026-07-15 10:00:37,"Rs. 75,222.22",SETTLED
TXNA0DFE6101105,2026-07-15 03:46:03,"4,58,877.13",SETTLED
TXNA0DFE6101228,2026-07-15 03:28:15,"2,04,947.20",SETTLED
TXNA0DFE6102023,2026-07-15 04:52:57,"4,84,367.42/-",SETTLED
TXNA0DFE6103694,2026-07-15 02:06:45,"Rs. 7,81,355.21",SETTLED
TXNA0DFE6101007,2026-07-15 15:32:23,"3,76,220.92",SETTLED
TXNA0DFE6102057,2026-07-15 10:42:30,"1,47,101.36",SETTLED
TXNA0DFE6101879,2026-07-15 14:36:11,"4,24,368.70/-",SETTLED
TXNA0DFE6101914,2026-07-15 09:23:08,"Rs. 61,976.86",SETTLED
TXNA0DFE6102189,2026-07-15 05:43:07,"78,877.96",SETTLED
TXNA0DFE6102629,2026-07-15 15:36:09,"8,84,415.41",SETTLED
TXNA0DFE6102802,2026-07-15 01:20:09,"4,32,015.02/-",SETTLED
TXNA0DFE6100417,2026-07-15 13:47:56,"Rs. 4,96,120.57",SETTLED
TXNA0DFE6101996,2026-07-15 07:08:19,"6,94,785.12",SETTLED
TXNA0DFE6100617,2026-07-15 04:01:44,"1,10,476.35",SETTLED
TXNA0DFE6100041,2026-07-15 02:11:14,"5,46,463.85/-",SETTLED
TXNA0DFE6102417,2026-07-15 09:14:55,"Rs. 8,00,746.41",SETTLED
TXNA0DFE6101979,2026-07-15 11:22:48,"50,830.29",SETTLED
TXNA0DFE6100213,2026-07-15 07:39:57,"5,95,034.96",SETTLED
TXNA0DFE6103130,2026-07-15 04:16:29,"73,409.47/-",SETTLED
TXNA0DFE6101192,2026-07-15 00:41:33,"Rs. 8,33,866.14",SETTLED
TXNA0DFE6101023,2026-07-15 07:48:52,"7,18,499.49",SETTLED
TXNA0DFE6101185,2026-07-15 09:24:43,"2,23,576.09",SETTLED
TXNA0DFE6100554,2026-07-15 00:40:15,"5,62,606.93/-",SETTLED
TXNA0DFE6103414,2026-07-15 04:37:04,"Rs. 7,15,515.19",SETTLED
TXNA0DFE6102077,2026-07-15 06:40:06,"6,31,038.52",SETTLED
TXNA0DFE6100829,2026-07-15 15:35:12,"6,37,701.02",SETTLED
TXNA0DFE6101876,2026-07-15 06:46:08,"1,93,158.60/-",SETTLED
TXNA0DFE6102845,2026-07-15 10:31:19,"Rs. 1,57,086.14",SETTLED
TXNA0DFE6100922,2026-07-15 04:25:34,"3,94,602.94",SETTLED
TXNA0DFE6102139,2026-07-15 12:23:53,"31,070.73",SETTLED
TXNA0DFE6103430,2026-07-15 07:40:44,"43,816.73/-",SETTLED
TXNA0DFE6101577,2026-07-15 15:51:08,"Rs. 7,31,803.68",SETTLED
TXNA0DFE6102725,2026-07-15 13:00:43,"3,09,505.01",SETTLED
TXNA0DFE6102095,2026-07-15 09:36:22,"80,963.98",SETTLED
TXNA0DFE6101543,2026-07-15 08:25:16,"41,685.49/-",SETTLED
TXNA0DFE6101892,2026-07-15 14:19:48,"Rs. 6,73,398.23",SETTLED
TXNA0DFE6100825,2026-07-15 05:56:32,"8,55,841.83",SETTLED
TXNA0DFE6100870,2026-07-15 04:42:48,"19,741.43",SETTLED
TXNA0DFE6100764,2026-07-15 03:49:28,"6,24,181.83/-",SETTLED
TXNA0DFE6102544,2026-07-15 12:42:41,"Rs. 3,79,519.31",SETTLED
TXNA0DFE6102849,2026-07-15 14:39:15,"5,88,064.66",SETTLED
TXNA0DFE6102640,2026-07-15 16:06:47,"8,86,622.65",SETTLED
TXNA0DFE6102778,2026-07-15 09:01:00,"3,10,943.57/-",SETTLED
TXNA0DFE6103099,2026-07-15 13:14:46,"Rs. 4,12,462.20",SETTLED
TXNA0DFE6103788,2026-07-15 05:11:00,"1,17,318.88",SETTLED
TXNA0DFE6102697,2026-07-15 16:22:08,"2,27,314.95",SETTLED
TXNA0DFE6100003,2026-07-15 08:26:25,"8,76,947.82/-",SETTLED
TXNA0DFE6100913,2026-07-15 06:34:53,"Rs. 2,09,418.92",SETTLED
TXNA0DFE6100534,2026-07-15 07:43:26,"5,20,821.33",SETTLED
TXNA0DFE6100100,2026-07-15 04:18:28,"1,09,946.51",SETTLED
TXNA0DFE6102624,2026-07-15 10:29:16,"3,67,794.02/-",SETTLED
TXNA0DFE6101144,2026-07-15 03:34:20,"Rs. 6,55,762.29",SETTLED
TXNA0DFE6100376,2026-07-15 03:14:06,"5,60,605.93",SETTLED
TXNA0DFE6102480,2026-07-15 11:54:41,"2,71,297.14",SETTLED
TXNA0DFE6103409,2026-07-15 03:48:11,"76,878.29/-",SETTLED
TXNA0DFE6101317,2026-07-15 14:20:01,"Rs. 3,70,861.96",SETTLED
TXNA0DFE6102569,2026-07-15 00:48:32,"6,86,682.38",SETTLED
TXNA0DFE6103557,2026-07-15 05:33:43,"1,29,864.46",SETTLED
TXNA0DFE6103061,2026-07-15 07:17:00,"1,53,100.18/-",SETTLED
TXNA0DFE6100170,2026-07-15 08:06:10,"Rs. 5,58,673.43",SETTLED
TXNA0DFE6101536,2026-07-15 05:12:45,"93,625.17",SETTLED
TXNA0DFE6103047,2026-07-15 15:33:34,"5,76,739.18",SETTLED
TXNA0DFE6103437,2026-07-15 08:45:27,"1,58,620.67/-",SETTLED
TXNA0DFE6102961,2026-07-15 11:28:20,"Rs. 4,81,789.22",SETTLED
TXNA0DFE6101838,2026-07-15 12:44:32,"4,69,306.74",SETTLED
TXNA0DFE6102517,2026-07-15 00:42:17,"8,16,641.13",SETTLED
TXNA0DFE6100234,2026-07-15 01:31:42,"3,90,143.89/-",SETTLED
TXNA0DFE6103474,2026-07-15 11:38:56,"Rs. 6,12,060.78",SETTLED
TXNA0DFE6100238,2026-07-15 12:46:01,"7,68,580.75",SETTLED
TXNA0DFE6102686,2026-07-15 13:19:05,"6,17,172.18",SETTLED
TXNA0DFE6100940,2026-07-15 07:10:40,"20,763.22/-",SETTLED
TXNA0DFE6102412,2026-07-15 11:24:46,"Rs. 7,42,555.82",SETTLED
TXNA0DFE6101880,2026-07-15 06:11:43,"1,69,896.69",SETTLED
TXNA0DFE6101994,2026-07-15 00:38:52,"90,747.88",SETTLED
TXNA0DFE6102357,2026-07-15 01:07:18,"96,972.42/-",SETTLED
TXNA0DFE6102223,2026-07-15 10:24:43,"Rs. 1,20,969.19",SETTLED
TXNA0DFE6102136,2026-07-15 13:54:44,"3,71,764.10",SETTLED
TXNA0DFE6102542,2026-07-15 06:41:36,"3,17,430.74",SETTLED
TXNA0DFE6101940,2026-07-15 11:12:42,"5,79,140.49/-",SETTLED
TXNA0DFE6101864,2026-07-15 03:05:51,"Rs. 8,41,629.66",SETTLED
TXNA0DFE6102183,2026-07-15 15:23:07,"8,39,154.11",SETTLED
TXNA0DFE6102658,2026-07-15 14:02:41,"5,27,470.61",SETTLED
TXNA0DFE6103784,2026-07-15 02:28:52,"4,84,720.14/-",SETTLED
TXNA0DFE6103333,2026-07-15 05:44:25,"Rs. 7,77,682.75",SETTLED
TXNA0DFE6101877,2026-07-15 11:27:48,"8,49,250.16",SETTLED
TXNA0DFE6102861,2026-07-15 09:23:08,"3,12,165.01",SETTLED
TXNA0DFE6101685,2026-07-15 05:14:09,"1,33,664.65/-",SETTLED
TXNA0DFE6101059,2026-07-15 03:25:13,"Rs. 4,04,229.70",SETTLED
TXNA0DFE6100614,2026-07-15 08:27:29,"3,41,912.02",SETTLED
TXNA0DFE6103089,2026-07-15 05:43:21,"1,11,408.79",SETTLED
TXNA0DFE6102015,2026-07-15 09:27:55,"2,46,813.05/-",SETTLED
TXNA0DFE6103394,2026-07-15 15:28:31,"Rs. 7,43,049.52",SETTLED
TXNA0DFE6102846,2026-07-15 05:20:30,"7,92,917.58",SETTLED
TXNA0DFE6100232,2026-07-15 10:48:18,"3,84,371.82",SETTLED
TXNA0DFE6101175,2026-07-15 02:54:37,"3,12,838.01/-",SETTLED
TXNA0DFE6100387,2026-07-15 04:57:18,"Rs. 75,972.54",SETTLED
TXNA0DFE6100319,2026-07-15 14:48:56,"22,959.61",SETTLED
TXNA0DFE6100530,2026-07-15 11:42:33,"2,12,523.56",SETTLED
TXNA0DFE6101915,2026-07-15 03:58:39,"1,58,570.82/-",SETTLED
TXNA0DFE6103733,2026-07-15 12:18:41,"Rs. 7,77,624.48",SETTLED
TXNA0DFE6103115,2026-07-15 05:05:24,"2,54,267.39",SETTLED
TXNA0DFE6101701,2026-07-15 01:59:07,"7,00,496.59",SETTLED
TXNA0DFE6102953,2026-07-15 04:21:58,"1,21,481.18/-",SETTLED
TXNA0DFE6100290,2026-07-15 06:05:31,"Rs. 2,17,963.97",SETTLED
TXNA0DFE6101669,2026-07-15 15:46:41,"1,27,366.78",SETTLED
TXNA0DFE6103423,2026-07-15 07:20:10,"61,484.26",SETTLED
TXNA0DFE6101648,2026-07-15 15:34:27,"1,67,715.30/-",SETTLED
TXNA0DFE6100207,2026-07-15 03:05:57,"Rs. 4,70,270.43",SETTLED
TXNA0DFE6102886,2026-07-15 08:02:49,"5,16,859.78",SETTLED
TXNA0DFE6101087,2026-07-15 05:57:28,"2,08,108.19",SETTLED
TXNA0DFE6101311,2026-07-15 13:09:32,"3,08,086.58/-",SETTLED
TXNA0DFE6103092,2026-07-15 11:41:33,"Rs. 4,90,671.61",SETTLED
TXNA0DFE6103509,2026-07-15 08:01:02,"8,21,133.36",SETTLED
TXNA0DFE6102434,2026-07-15 16:27:54,"3,64,868.44",SETTLED
TXNA0DFE6100843,2026-07-15 05:56:15,"1,47,346.48/-",SETTLED
TXNA0DFE6100028,2026-07-15 11:28:45,"Rs. 1,55,254.13",SETTLED
TXNA0DFE6102539,2026-07-15 13:21:32,"5,43,726.80",SETTLED
TXNA0DFE6100914,2026-07-15 13:24:03,"4,08,529.92",SETTLED
TXNA0DFE6102484,2026-07-15 14:31:46,"4,62,259.82/-",SETTLED
TXNA0DFE6103689,2026-07-15 04:47:21,"Rs. 86,868.99",SETTLED
TXNA0DFE6102032,2026-07-15 06:52:53,"3,79,574.70",SETTLED
TXNA0DFE6100182,2026-07-15 13:55:58,"8,367.32",SETTLED
TXNA0DFE6101307,2026-07-15 06:49:57,"27,081.04/-",SETTLED
TXNA0DFE6100927,2026-07-15 11:43:10,"Rs. 7,38,911.80",SETTLED
TXNA0DFE6102867,2026-07-15 01:40:31,"8,10,549.66",SETTLED
TXNA0DFE6101681,2026-07-15 02:01:47,"4,66,441.41",SETTLED
TXNA0DFE6102839,2026-07-15 14:40:22,"7,54,336.07/-",SETTLED
TXNA0DFE6100710,2026-07-15 13:46:56,"Rs. 7,88,989.19",SETTLED
TXNA0DFE6100000,2026-07-15 07:10:27,"5,77,548.15",SETTLED
TXNA0DFE6100476,2026-07-15 08:15:09,"5,99,846.17",SETTLED
TXNA0DFE6100067,2026-07-15 12:38:56,"2,78,642.20/-",SETTLED
TXNA0DFE6100702,2026-07-15 00:59:10,"Rs. 5,23,008.42",SETTLED
TXNA0DFE6101603,2026-07-15 06:19:20,"8,94,614.76",SETTLED
TXNA0DFE6100965,2026-07-15 08:46:28,"1,75,366.70",SETTLED
TXNA0DFE6103629,2026-07-15 01:36:58,"7,72,265.76/-",SETTLED
TXNA0DFE6100179,2026-07-15 14:37:36,"Rs. 3,24,710.33",SETTLED
TXNA0DFE6100755,2026-07-15 04:51:16,"4,04,387.99",SETTLED
TXNA0DFE6102232,2026-07-15 12:33:45,"1,41,598.19",SETTLED
TXNA0DFE6102968,2026-07-15 15:42:05,"5,99,178.39/-",SETTLED
TXNA0DFE6101995,2026-07-15 01:44:56,"Rs. 7,23,242.61",SETTLED
TXNA0DFE6100375,2026-07-15 12:17:18,"7,17,926.55",SETTLED
TXNA0DFE6102175,2026-07-15 14:59:41,"6,42,135.37",SETTLED
TXNA0DFE6102719,2026-07-15 02:29:42,"7,09,711.17/-",SETTLED
TXNA0DFE6100944,2026-07-15 04:06:10,"Rs. 1,11,914.11",SETTLED
TXNA0DFE6102694,2026-07-15 04:10:27,"7,42,499.25",SETTLED
TXNA0DFE6100670,2026-07-15 10:05:22,"2,60,889.56",SETTLED
TXNA0DFE6102331,2026-07-15 13:41:10,"8,32,659.88/-",SETTLED
TXNA0DFE6103583,2026-07-15 13:35:37,"Rs. 4,21,676.61",SETTLED
TXNA0DFE6100820,2026-07-15 12:09:53,"2,90,099.19",SETTLED
TXNA0DFE6101100,2026-07-15 00:50:39,"4,97,438.20",SETTLED
TXNA0DFE6101769,2026-07-15 02:02:28,"2,02,830.17/-",SETTLED
TXNA0DFE6103476,2026-07-15 08:41:04,"Rs. 68,786.12",SETTLED
TXNA0DFE6102156,2026-07-15 04:01:40,"7,94,382.89",SETTLED
TXNA0DFE6103184,2026-07-15 00:37:47,"11,194.08",SETTLED
TXNA0DFE6101768,2026-07-15 13:05:23,"4,44,869.15/-",SETTLED
TXNA0DFE6101562,2026-07-15 10:08:58,"Rs. 4,74,142.07",SETTLED
TXNA0DFE6103427,2026-07-15 11:19:23,"4,13,339.47",SETTLED
TXNA0DFE6103779,2026-07-15 01:18:12,"6,56,649.75",SETTLED
TXNA0DFE6101425,2026-07-15 05:11:33,"8,18,922.52/-",SETTLED
TXNA0DFE6900001,2026-07-15 10:35:00,"Rs. 11,280.83",SETTLED
TXNA0DFE6101586,2026-07-15 14:23:32,"8,22,118.50",SETTLED
TXNA0DFE6101643,2026-07-15 08:50:55,"2,32,355.36",SETTLED
TXNA0DFE6101675,2026-07-15 09:57:34,"8,76,173.68/-",SETTLED
TXNA0DFE6101738,2026-07-15 03:52:36,"Rs. 2,26,553.54",SETTLED
TXNA0DFE6100915,2026-07-15 04:19:38,"2,57,560.52",SETTLED
TXNA0DFE6103330,2026-07-15 09:48:24,"6,08,219.13",SETTLED
TXNA0DFE6103377,2026-07-15 08:18:03,"5,76,580.86/-",SETTLED
TXNA0DFE6100953,2026-07-15 00:54:06,"Rs. 4,37,263.70",SETTLED
TXNA0DFE6103798,2026-07-15 13:25:48,"3,31,074.88",SETTLED
TXNA0DFE6103259,2026-07-15 06:49:15,"28,544.94",SETTLED
TXNA0DFE6103155,2026-07-15 07:59:50,"2,72,828.17/-",SETTLED
TXNA0DFE6102504,2026-07-15 15:32:20,"Rs. 8,77,024.11",SETTLED
TXNA0DFE6103275,2026-07-15 14:34:57,"6,94,316.00",SETTLED
TXNA0DFE6101697,2026-07-15 14:35:12,"8,69,266.73",SETTLED
TXNA0DFE6103722,2026-07-15 01:53:07,"8,05,282.31/-",SETTLED
TXNA0DFE6101600,2026-07-15 02:16:41,"Rs. 3,08,824.61",SETTLED
TXNA0DFE6100634,2026-07-15 04:01:09,"8,55,251.59",SETTLED
TXNA0DFE6103288,2026-07-15 06:01:10,"3,38,034.70",SETTLED
TXNA0DFE6100941,2026-07-15 12:51:36,"1,98,241.17/-",SETTLED
TXNA0DFE6101308,2026-07-15 06:51:14,"Rs. 6,20,362.27",SETTLED
TXNA0DFE6102413,2026-07-15 07:04:58,"2,24,249.47",SETTLED
TXNA0DFE6102929,2026-07-15 03:10:04,"2,86,455.06",SETTLED
TXNA0DFE6101599,2026-07-15 05:00:04,"7,81,987.28/-",SETTLED
TXNA0DFE6102330,2026-07-15 04:08:04,"Rs. 7,29,776.72",SETTLED
TXNA0DFE6101760,2026-07-15 09:06:31,"1,27,773.13",SETTLED
TXNA0DFE6103676,2026-07-15 11:18:05,"1,74,109.29",SETTLED
TXNA0DFE6101264,2026-07-15 13:22:21,"4,59,415.08/-",SETTLED
TXNA0DFE6102262,2026-07-15 08:42:55,"Rs. 2,16,515.75",SETTLED
TXNA0DFE6102854,2026-07-15 02:54:05,"2,44,107.22",SETTLED
TXNA0DFE6101972,2026-07-15 13:51:40,"3,65,882.75",SETTLED
TXNA0DFE6101952,2026-07-15 10:16:52,"47,280.87/-",SETTLED
TXNA0DFE6102718,2026-07-15 15:26:09,"Rs. 7,06,007.70",SETTLED
TXNA0DFE6103602,2026-07-15 10:14:13,"7,37,252.29",SETTLED
TXNA0DFE6103446,2026-07-15 08:24:03,"29,911.34",SETTLED
TXNA0DFE6102114,2026-07-15 12:59:26,"5,97,453.24/-",SETTLED
TXNA0DFE6101561,2026-07-15 05:00:32,"Rs. 3,13,086.87",SETTLED
TXNA0DFE6102237,2026-07-15 03:58:06,"6,20,419.29",SETTLED
TXNA0DFE6102516,2026-07-15 06:32:06,"3,79,860.91",SETTLED
TXNA0DFE6101871,2026-07-15 11:30:19,"1,67,517.99/-",SETTLED
TXNA0DFE6100734,2026-07-15 12:01:05,"Rs. 3,23,810.39",SETTLED
TXNA0DFE6101720,2026-07-15 14:32:30,"2,35,490.29",SETTLED
TXNA0DFE6102012,2026-07-15 12:43:19,"5,82,689.29",SETTLED
TXNA0DFE6103579,2026-07-15 09:22:25,"6,68,901.49/-",SETTLED
TXNA0DFE6100952,2026-07-15 03:15:47,"Rs. 64,495.71",SETTLED
TXNA0DFE6103433,2026-07-15 06:08:11,"6,03,238.86",SETTLED
TXNA0DFE6100844,2026-07-15 13:10:48,"5,83,479.69",SETTLED
TXNA0DFE6101969,2026-07-15 00:31:07,"4,18,205.64/-",SETTLED
TXNA0DFE6101861,2026-07-15 07:46:04,"Rs. 3,47,346.87",SETTLED
TXNA0DFE6102428,2026-07-15 02:47:09,"2,70,613.19",SETTLED
TXNA0DFE6102663,2026-07-15 08:14:25,"47,809.95",SETTLED
TXNA0DFE6100611,2026-07-15 15:03:06,"62,503.44/-",SETTLED
TXNA0DFE6103036,2026-07-15 06:11:33,"Rs. 7,21,598.25",SETTLED
TXNA0DFE6102197,2026-07-15 07:42:37,"3,19,435.14",SETTLED
TXNA0DFE6100088,2026-07-15 08:58:22,"6,21,779.54",SETTLED
TXNA0DFE6100106,2026-07-15 09:58:06,"4,80,940.61/-",SETTLED
TXNA0DFE6101009,2026-07-15 03:58:23,"Rs. 4,58,468.95",SETTLED
TXNA0DFE6103623,2026-07-15 12:23:37,"1,40,419.70",SETTLED
TXNA0DFE6101496,2026-07-15 07:21:22,"3,98,795.18",SETTLED
TXNA0DFE6103300,2026-07-15 09:52:44,"39,970.41/-",SETTLED
TXNA0DFE6103142,2026-07-15 05:33:15,"Rs. 7,59,338.69",SETTLED
TXNA0DFE6101641,2026-07-15 16:21:37,"1,93,035.76",SETTLED
TXNA0DFE6102548,2026-07-15 02:08:08,"2,26,693.87",SETTLED
TXNA0DFE6103539,2026-07-15 02:24:20,"4,81,160.57/-",SETTLED
TXNA0DFE6102038,2026-07-15 08:18:59,"Rs. 1,19,737.61",SETTLED
TXNA0DFE6102005,2026-07-15 16:22:51,"8,85,707.22",SETTLED
TXNA0DFE6101091,2026-07-15 06:34:06,"8,99,928.35",SETTLED
TXNA0DFE6101506,2026-07-15 02:15:10,"8,73,261.85/-",SETTLED
TXNA0DFE6100286,2026-07-15 14:23:19,"Rs. 5,14,005.97",SETTLED
TXNA0DFE6102395,2026-07-15 03:11:39,"5,75,014.47",SETTLED
TXNA0DFE6102142,2026-07-15 06:12:02,"3,31,624.26",SETTLED
TXNA0DFE6102152,2026-07-15 09:33:29,"3,58,286.60/-",SETTLED
TXNA0DFE6100943,2026-07-15 04:10:51,"Rs. 2,06,644.02",SETTLED
TXNA0DFE6102323,2026-07-15 10:53:28,"83,176.60",SETTLED
TXNA0DFE6103278,2026-07-15 15:08:30,"6,10,640.93",SETTLED
TXNA0DFE6102486,2026-07-15 08:01:41,"5,85,667.84/-",SETTLED
TXNA0DFE6102984,2026-07-15 03:19:09,"Rs. 6,22,336.44",SETTLED
TXNA0DFE6101220,2026-07-15 02:14:49,"6,35,117.91",SETTLED
TXNA0DFE6100289,2026-07-15 03:02:22,"7,44,303.01",SETTLED
TXNA0DFE6103222,2026-07-15 09:30:22,"6,00,779.38/-",SETTLED
TXNA0DFE6102805,2026-07-15 10:40:59,"Rs. 76,462.51",SETTLED
TXNA0DFE6102770,2026-07-15 07:54:02,"55,109.46",SETTLED
TXNA0DFE6300020,2026-07-14 22:30:41,"1,57,872.29",SETTLED
TXNA0DFE6101753,2026-07-15 09:38:22,"4,34,703.86/-",SETTLED
TXNA0DFE6100164,2026-07-15 02:42:50,"Rs. 6,38,242.65",SETTLED
TXNA0DFE6101627,2026-07-15 08:58:26,"2,67,740.58",SETTLED
TXNA0DFE6101489,2026-07-15 07:33:47,"1,64,724.73",SETTLED
TXNA0DFE6101466,2026-07-15 01:29:59,"39,379.90/-",SETTLED
TXNA0DFE6103060,2026-07-15 11:46:39,"Rs. 68,184.05",SETTLED
TXNA0DFE6102147,2026-07-15 09:18:34,"3,20,467.16",SETTLED
TXNA0DFE6100305,2026-07-15 15:03:10,"3,39,085.70",SETTLED
TXNA0DFE6101635,2026-07-15 02:01:44,"8,86,822.09/-",SETTLED
TXNA0DFE6102024,2026-07-15 00:54:28,"Rs. 1,37,475.98",SETTLED
TXNA0DFE6102085,2026-07-15 06:59:03,"5,51,173.31",SETTLED
TXNA0DFE6101847,2026-07-15 14:45:16,"8,89,137.78",SETTLED
TXNA0DFE6103035,2026-07-15 08:58:56,"3,43,440.03/-",SETTLED
TXNA0DFE6100222,2026-07-15 00:48:50,"Rs. 5,22,768.87",SETTLED
TXNA0DFE6100593,2026-07-15 10:43:43,"1,20,987.65",SETTLED
TXNA0DFE6103652,2026-07-15 04:51:11,"3,52,218.69",SETTLED
TXNA0DFE6102940,2026-07-15 06:54:51,"65,631.98/-",SETTLED
TXNA0DFE6101595,2026-07-15 07:42:38,"Rs. 6,78,767.65",SETTLED
TXNA0DFE6102956,2026-07-15 09:52:51,"7,60,190.10",SETTLED
TXNA0DFE6103280,2026-07-15 05:57:36,"82,100.06",SETTLED
TXNA0DFE6100274,2026-07-15 02:39:01,"1,52,292.63/-",SETTLED
TXNA0DFE6102392,2026-07-15 02:23:18,"Rs. 1,38,864.72",SETTLED
TXNA0DFE6100103,2026-07-15 08:54:04,"6,08,128.51",SETTLED
TXNA0DFE6101835,2026-07-15 12:45:00,"8,70,449.31",SETTLED
TXNA0DFE6100630,2026-07-15 11:45:07,"1,08,859.88/-",SETTLED
TXNA0DFE6102477,2026-07-15 13:23:56,"Rs. 6,96,734.12",SETTLED
TXNA0DFE6101956,2026-07-15 14:59:52,"2,47,398.19",SETTLED
TXNA0DFE6102316,2026-07-15 08:17:37,"8,60,173.28",SETTLED
TXNA0DFE6100320,2026-07-15 14:23:19,"6,73,512.80/-",SETTLED
TXNA0DFE6101256,2026-07-15 15:40:58,"Rs. 6,09,866.69",SETTLED
TXNA0DFE6103151,2026-07-15 05:41:00,"2,65,663.23",SETTLED
TXNA0DFE6101866,2026-07-15 07:57:58,"3,50,703.37",SETTLED
TXNA0DFE6100900,2026-07-15 15:49:42,"4,37,802.11/-",SETTLED
TXNA0DFE6103710,2026-07-15 13:24:22,"Rs. 2,12,087.71",SETTLED
TXNA0DFE6103776,2026-07-15 04:32:14,"1,78,748.59",SETTLED
TXNA0DFE6101856,2026-07-15 03:42:15,"6,65,907.38",SETTLED
TXNA0DFE6101187,2026-07-15 09:20:53,"3,06,488.61/-",SETTLED
TXNA0DFE6103385,2026-07-15 14:41:15,"Rs. 8,58,624.09",SETTLED
TXNA0DFE6100349,2026-07-15 01:01:56,"6,36,065.03",SETTLED
TXNA0DFE6102407,2026-07-15 04:09:36,"3,02,621.17",SETTLED
TXNA0DFE6100516,2026-07-15 02:41:01,"4,27,975.50/-",SETTLED
TXNA0DFE6101031,2026-07-15 07:53:28,"Rs. 4,99,842.00",SETTLED
TXNA0DFE6100322,2026-07-15 15:55:31,"3,55,016.78",SETTLED
TXNA0DFE6100061,2026-07-15 06:46:37,"1,01,471.98",SETTLED
TXNA0DFE6103041,2026-07-15 16:27:49,"5,78,668.13/-",SETTLED
TXNA0DFE6102404,2026-07-15 08:28:31,"Rs. 8,82,504.62",SETTLED
TXNA0DFE6102312,2026-07-15 14:14:55,"1,68,932.81",SETTLED
TXNA0DFE6103455,2026-07-15 15:28:22,"1,69,922.03",SETTLED
TXNA0DFE6100054,2026-07-15 07:36:48,"1,14,051.55/-",SETTLED
TXNA0DFE6100619,2026-07-15 12:55:10,"Rs. 8,71,586.39",SETTLED
TXNA0DFE6102160,2026-07-15 10:35:55,"7,26,772.95",SETTLED
TXNA0DFE6102754,2026-07-15 06:46:17,"1,10,769.85",SETTLED
TXNA0DFE6103701,2026-07-15 03:13:15,"5,93,066.16/-",SETTLED
TXNA0DFE6100808,2026-07-15 08:45:35,"Rs. 3,03,233.10",SETTLED
TXNA0DFE6100416,2026-07-15 15:45:52,"8,89,434.64",SETTLED
TXNA0DFE6102568,2026-07-15 14:15:44,"4,48,592.84",SETTLED
TXNA0DFE6102274,2026-07-15 10:08:27,"76,908.42/-",SETTLED
TXNA0DFE6102229,2026-07-15 03:00:43,"Rs. 8,97,742.42",SETTLED
TXNA0DFE6100093,2026-07-15 10:06:16,"1,07,109.68",SETTLED
TXNA0DFE6102871,2026-07-15 03:53:29,"5,81,005.90",SETTLED
TXNA0DFE6100135,2026-07-15 15:07:16,"6,70,820.97/-",SETTLED
TXNA0DFE6103795,2026-07-15 02:49:49,"Rs. 18,607.67",SETTLED
TXNA0DFE6103062,2026-07-15 16:09:53,"6,28,242.25",SETTLED
TXNA0DFE6101660,2026-07-15 02:04:55,"5,72,682.09",SETTLED
TXNA0DFE6101875,2026-07-15 12:24:08,"7,49,555.85/-",SETTLED
TXNA0DFE6103215,2026-07-15 15:44:07,"Rs. 4,44,005.80",SETTLED
TXNA0DFE6100868,2026-07-15 10:58:13,"2,45,932.05",SETTLED
TXNA0DFE6103598,2026-07-15 03:50:13,"46,427.43",SETTLED
TXNA0DFE6103019,2026-07-15 10:31:11,"6,57,132.30/-",SETTLED
TXNA0DFE6101055,2026-07-15 13:10:02,"Rs. 8,96,824.55",SETTLED
TXNA0DFE6102724,2026-07-15 04:02:57,"28,179.84",SETTLED
TXNA0DFE6100719,2026-07-15 00:47:27,"40,163.20",SETTLED
TXNA0DFE6100945,2026-07-15 09:37:40,"99,691.54/-",SETTLED
TXNA0DFE6102869,2026-07-15 11:30:49,"Rs. 43,145.95",SETTLED
TXNA0DFE6101246,2026-07-15 10:22:27,"1,57,658.08",SETTLED
TXNA0DFE6102934,2026-07-15 03:28:00,"7,03,756.01",SETTLED
TXNA0DFE6100017,2026-07-15 01:53:00,"6,59,315.41/-",SETTLED
TXNA0DFE6101693,2026-07-15 09:03:37,"Rs. 3,28,965.03",SETTLED
TXNA0DFE6101849,2026-07-15 10:47:16,"84,290.29",SETTLED
TXNA0DFE6100677,2026-07-15 04:06:46,"1,88,661.28",SETTLED
TXNA0DFE6102066,2026-07-15 08:05:34,"92,636.02/-",SETTLED
TXNA0DFE6101225,2026-07-15 14:58:40,"Rs. 3,73,117.81",SETTLED
TXNA0DFE6103690,2026-07-15 01:57:16,"3,42,907.85",SETTLED
TXNA0DFE6102402,2026-07-15 16:12:55,"3,72,065.93",SETTLED
TXNA0DFE6102873,2026-07-15 15:33:05,"5,40,562.09/-",SETTLED
TXNA0DFE6102687,2026-07-15 06:23:43,"Rs. 1,92,391.69",SETTLED
TXNA0DFE6101580,2026-07-15 15:17:07,"2,81,136.16",SETTLED
TXNA0DFE6103341,2026-07-15 05:17:53,"5,75,572.39",SETTLED
TXNA0DFE6103003,2026-07-15 02:13:39,"2,02,740.28/-",SETTLED
TXNA0DFE6103490,2026-07-15 04:25:56,"Rs. 1,24,716.81",SETTLED
TXNA0DFE6102497,2026-07-15 07:55:14,"65,289.00",SETTLED
TXNA0DFE6100976,2026-07-15 07:00:15,"6,24,622.62",SETTLED
TXNA0DFE6100887,2026-07-15 01:46:22,"81,121.24/-",SETTLED
TXNA0DFE6103680,2026-07-15 09:12:33,"Rs. 6,83,514.64",SETTLED
TXNA0DFE6102823,2026-07-15 08:59:26,"7,93,900.98",SETTLED
TXNA0DFE6102882,2026-07-15 04:59:54,"4,13,516.56",SETTLED
TXNA0DFE6101381,2026-07-15 02:57:49,"6,10,471.93/-",SETTLED
TXNA0DFE6103145,2026-07-15 13:14:38,"Rs. 75,319.52",SETTLED
TXNA0DFE6101394,2026-07-15 11:28:55,"5,03,500.94",SETTLED
TXNA0DFE6102271,2026-07-15 06:43:21,"5,37,641.62",SETTLED
TXNA0DFE6101975,2026-07-15 15:00:02,"4,61,172.73/-",SETTLED
TXNA0DFE6102675,2026-07-15 05:12:36,"Rs. 6,31,475.62",SETTLED
TXNA0DFE6103528,2026-07-15 03:27:23,"4,46,226.75",SETTLED
TXNA0DFE6100447,2026-07-15 09:45:04,"1,49,162.94",SETTLED
TXNA0DFE6103478,2026-07-15 07:40:12,"3,69,881.33/-",SETTLED
TXNA0DFE6103119,2026-07-15 07:59:51,"Rs. 7,02,250.59",SETTLED
TXNA0DFE6102762,2026-07-15 04:33:38,"8,59,278.46",SETTLED
TXNA0DFE6103320,2026-07-15 02:18:32,"67,845.39",SETTLED
TXNA0DFE6300013,2026-07-14 21:26:04,"3,36,434.51/-",SETTLED
TXNA0DFE6101234,2026-07-15 06:05:07,"Rs. 75,782.29",SETTLED
TXNA0DFE6102990,2026-07-15 05:16:22,"8,70,514.54",SETTLED
TXNA0DFE6400000-2,2026-07-15 07:52:00,"1,24,928.10",SETTLED
TXNA0DFE6100357,2026-07-15 11:09:05,"8,57,848.16/-",SETTLED
TXNA0DFE6102016,2026-07-15 15:26:34,"Rs. 4,12,297.41",SETTLED
TXNA0DFE6103775,2026-07-15 04:39:26,"2,37,613.21",SETTLED
TXNA0DFE6102058,2026-07-15 09:23:45,"6,59,255.82",SETTLED
TXNA0DFE6101436,2026-07-15 02:51:43,"6,49,064.95/-",SETTLED
TXNA0DFE6101844,2026-07-15 16:24:23,"Rs. 3,46,911.39",SETTLED
TXNA0DFE6100495,2026-07-15 15:52:39,"2,09,644.18",SETTLED
TXNA0DFE6103757,2026-07-15 15:18:24,"7,32,123.59",SETTLED
TXNA0DFE6101397,2026-07-15 13:19:11,"5,81,793.10/-",SETTLED
TXNA0DFE6102026,2026-07-15 08:19:24,"Rs. 3,88,984.79",SETTLED
TXNA0DFE6102039,2026-07-15 03:50:15,"4,29,759.35",SETTLED
TXNA0DFE6103160,2026-07-15 04:46:52,"5,61,587.21",SETTLED
TXNA0DFE6102334,2026-07-15 04:13:23,"7,87,698.88/-",SETTLED
TXNA0DFE6100244,2026-07-15 12:32:16,"Rs. 5,51,906.89",SETTLED
TXNA0DFE6100420,2026-07-15 14:05:57,"6,94,664.98",SETTLED
TXNA0DFE6102344,2026-07-15 00:43:30,"50,558.67",SETTLED
TXNA0DFE6102046,2026-07-15 09:06:50,"2,50,133.91/-",SETTLED
TXNA0DFE6100042,2026-07-15 14:58:39,"Rs. 3,83,195.62",SETTLED
TXNA0DFE6101166,2026-07-15 14:31:34,"2,10,450.39",SETTLED
TXNA0DFE6101552,2026-07-15 02:48:15,"4,29,448.52",SETTLED
TXNA0DFE6100198,2026-07-15 08:34:21,"4,90,797.22/-",SETTLED
TXNA0DFE6103473,2026-07-15 01:10:10,"Rs. 4,54,130.21",SETTLED
TXNA0DFE6102303,2026-07-15 05:06:49,"7,58,713.86",SETTLED
TXNA0DFE6102793,2026-07-15 11:59:00,"7,21,953.20",SETTLED
TXNA0DFE6500001,2026-07-15 13:56:07,"2,83,110.70/-",
TXNA0DFE6102693,2026-07-15 02:50:29,"Rs. 6,40,086.43",SETTLED
TXNA0DFE6100223,2026-07-15 03:30:24,"6,81,818.29",SETTLED
TXNA0DFE6103797,2026-07-15 14:00:46,"6,66,000.11",SETTLED
TXNA0DFE6102018,2026-07-15 09:56:00,"7,31,335.30/-",SETTLED
TXNA0DFE6102013,2026-07-15 15:17:33,"Rs. 8,09,876.58",SETTLED
TXNA0DFE6103378,2026-07-15 14:55:14,"8,59,555.52",SETTLED
TXNA0DFE6102901,2026-07-15 06:35:55,"2,90,801.28",SETTLED
TXNA0DFE6102894,2026-07-15 15:42:28,"1,10,817.31/-",SETTLED
TXNA0DFE6103542,2026-07-15 07:17:24,"Rs. 3,48,470.74",SETTLED
TXNA0DFE6103510,2026-07-15 12:31:56,"5,83,523.52",SETTLED
TXNA0DFE6100503,2026-07-15 12:56:07,"6,80,334.65",SETTLED
TXNA0DFE6101930,2026-07-15 06:54:29,"2,46,249.50/-",SETTLED
TXNA0DFE6101806,2026-07-15 03:23:12,"Rs. 8,12,892.39",SETTLED
TXNA0DFE6102340,2026-07-15 05:34:48,"5,93,232.03",SETTLED
TXNA0DFE6100454,2026-07-15 11:58:54,"69,998.15",SETTLED
TXNA0DFE6100838,2026-07-15 05:09:11,"8,63,133.74/-",SETTLED
TXNA0DFE6100477,2026-07-15 03:41:35,"Rs. 7,71,390.99",SETTLED
TXNA0DFE6102169,2026-07-15 04:47:14,"6,36,884.79",SETTLED
TXNA0DFE6103220,2026-07-15 10:03:27,"6,01,694.46",SETTLED
TXNA0DFE6102937,2026-07-15 02:43:23,"2,67,154.81/-",SETTLED
TXNA0DFE6102536,2026-07-15 06:45:20,"Rs. 8,69,911.44",SETTLED
TXNA0DFE6101435,2026-07-15 03:50:42,"1,77,319.96",SETTLED
TXNA0DFE6100425,2026-07-15 12:04:14,"7,44,936.15",SETTLED
TXNA0DFE6103197,2026-07-15 09:41:03,"8,05,541.43/-",SETTLED
TXNA0DFE6102503,2026-07-15 15:23:04,"Rs. 2,18,968.67",SETTLED
TXNA0DFE6102056,2026-07-15 09:30:49,"3,82,372.91",SETTLED
TXNA0DFE6103443,2026-07-15 09:34:17,"8,89,601.18",SETTLED
TXNA0DFE6100125,2026-07-15 05:04:36,"5,71,878.45/-",SETTLED
TXNA0DFE6103133,2026-07-15 08:50:42,"Rs. 7,36,950.50",SETTLED
TXNA0DFE6102685,2026-07-15 15:17:42,"4,20,166.64",SETTLED
TXNA0DFE6350009,2026-07-15 22:42:28,"2,29,156.23",SETTLED
TXNA0DFE6100936,2026-07-15 03:35:21,"2,35,182.07/-",SETTLED
TXNA0DFE6103628,2026-07-15 02:42:25,"Rs. 6,60,424.73",SETTLED
TXNA0DFE6100021,2026-07-15 08:49:49,"5,43,088.16",SETTLED
TXNA0DFE6103634,2026-07-15 11:20:24,"5,154.27",SETTLED
TXNA0DFE6100579,2026-07-15 11:17:38,"1,57,779.67/-",SETTLED
TXNA0DFE6103677,2026-07-15 07:31:22,"Rs. 7,32,421.22",SETTLED
TXNA0DFE6103161,2026-07-15 11:28:31,"5,23,300.15",SETTLED
TXNA0DFE6100659,2026-07-15 10:01:17,"1,82,361.98",SETTLED
TXNA0DFE6102605,2026-07-15 10:27:42,"74,110.94/-",SETTLED
TXNA0DFE6101390,2026-07-15 06:54:30,"Rs. 6,48,575.23",SETTLED
TXNA0DFE6100510,2026-07-15 03:51:23,"8,80,898.67",SETTLED
TXNA0DFE6101039,2026-07-15 14:31:13,"1,86,149.10",SETTLED
TXNA0DFE6102242,2026-07-15 06:07:48,"6,30,425.24/-",SETTLED
TXNA0DFE6100059,2026-07-15 04:10:10,"Rs. 81,192.42",SETTLED
TXNA0DFE6103682,2026-07-15 14:42:59,"5,23,150.22",SETTLED
TXNA0DFE6103219,2026-07-15 10:28:35,"7,04,803.39",SETTLED
TXNA0DFE6100155,2026-07-15 06:11:00,"90,103.99/-",SETTLED
TXNA0DFE6102132,2026-07-15 13:20:59,"Rs. 8,29,155.04",SETTLED
TXNA0DFE6100722,2026-07-15 14:06:09,"8,36,700.07",SETTLED
TXNA0DFE6102526,2026-07-15 13:50:59,"4,44,648.89",SETTLED
TXNA0DFE6101194,2026-07-15 02:02:06,"4,96,606.53/-",SETTLED
TXNA0DFE6101216,2026-07-15 16:01:24,"Rs. 2,76,998.43",SETTLED
TXNA0DFE6101841,2026-07-15 06:16:45,"2,89,538.47",SETTLED
TXNA0DFE6101846,2026-07-15 12:21:42,"5,01,954.25",SETTLED
TXNA0DFE6100080,2026-07-15 07:59:11,"4,54,755.13/-",SETTLED
TXNA0DFE6100121,2026-07-15 07:55:05,"Rs. 3,66,070.81",SETTLED
TXNA0DFE6102258,2026-07-15 13:00:42,"7,02,846.14",SETTLED
TXNA0DFE6101200,2026-07-15 03:13:25,"3,18,679.78",SETTLED
TXNA0DFE6101504,2026-07-15 09:48:59,"8,70,787.82/-",SETTLED
TXNA0DFE6100488,2026-07-15 10:52:48,"Rs. 5,16,580.23",SETTLED
TXNA0DFE6103236,2026-07-15 12:54:40,"8,53,539.65",SETTLED
TXNA0DFE6101721,2026-07-15 16:16:32,"6,71,485.77",SETTLED
TXNA0DFE6102070,2026-07-15 16:14:40,"1,87,674.21/-",SETTLED
TXNA0DFE6101111,2026-07-15 09:20:14,"Rs. 85,847.23",SETTLED
TXNA0DFE6100464,2026-07-15 10:23:25,"4,18,745.31",SETTLED
TXNA0DFE6103179,2026-07-15 13:07:19,"8,35,199.43",SETTLED
TXNA0DFE6103011,2026-07-15 15:06:22,"4,36,145.63/-",SETTLED
TXNA0DFE6101445,2026-07-15 10:02:54,"Rs. 3,39,729.10",SETTLED
TXNA0DFE6103393,2026-07-15 01:59:04,"7,91,128.91",SETTLED
TXNA0DFE6100648,2026-07-15 08:13:35,"4,50,552.52",SETTLED
TXNA0DFE6103152,2026-07-15 13:29:12,"3,94,014.53/-",SETTLED
TXNA0DFE6103657,2026-07-15 03:09:07,"Rs. 4,51,877.92",SETTLED
TXNA0DFE6100173,2026-07-15 15:51:59,"5,05,231.12",SETTLED
TXNA0DFE6100559,2026-07-15 03:29:53,"6,55,216.95",SETTLED
TXNA0DFE6102161,2026-07-15 13:27:39,"5,15,678.18/-",SETTLED
TXNA0DFE6100138,2026-07-15 08:17:37,"Rs. 3,11,621.84",SETTLED
TXNA0DFE6102454,2026-07-15 02:13:38,"27,417.83",SETTLED
TXNA0DFE6102543,2026-07-15 12:08:23,"96,271.35",SETTLED
TXNA0DFE6103269,2026-07-15 07:47:05,"2,51,644.57/-",SETTLED
TXNA0DFE6103792,2026-07-15 11:03:03,"Rs. 1,24,544.25",SETTLED
TXNA0DFE6103581,2026-07-15 08:46:46,"5,20,743.15",SETTLED
TXNA0DFE6102353,2026-07-15 14:13:35,"5,33,132.04",SETTLED
TXNA0DFE6102345,2026-07-15 04:35:54,"70,910.45/-",SETTLED
TXNA0DFE6100737,2026-07-15 11:40:07,"Rs. 2,62,481.29",SETTLED
TXNA0DFE6103552,2026-07-15 13:09:09,"7,16,366.35",SETTLED
TXNA0DFE6102794,2026-07-15 02:35:24,"6,73,569.13",SETTLED
TXNA0DFE6103666,2026-07-15 14:52:10,"87,715.43/-",SETTLED
TXNA0DFE6103636,2026-07-15 05:04:29,"Rs. 7,94,578.92",SETTLED
TXNA0DFE6100154,2026-07-15 05:56:45,"4,18,087.96",SETTLED
TXNA0DFE6103725,2026-07-15 04:00:20,"87,333.62",SETTLED
TXNA0DFE6102442,2026-07-15 10:07:26,"8,95,026.90/-",SETTLED
TXNA0DFE6101608,2026-07-15 15:37:11,"Rs. 2,36,557.06",SETTLED
TXNA0DFE6101077,2026-07-15 12:58:51,"1,90,338.23",SETTLED
TXNA0DFE6102943,2026-07-15 08:26:58,"5,46,056.37",SETTLED
TXNA0DFE6100724,2026-07-15 09:04:09,"42,933.24/-",SETTLED
TXNA0DFE6103373,2026-07-15 06:42:41,"Rs. 1,81,515.79",SETTLED
TXNA0DFE6101151,2026-07-15 14:53:51,"8,68,275.99",SETTLED
TXNA0DFE6102236,2026-07-15 07:23:29,"7,61,651.63",SETTLED
TXNA0DFE6100236,2026-07-15 10:33:32,"8,60,123.64/-",SETTLED
TXNA0DFE6103342,2026-07-15 06:44:00,"Rs. 6,48,091.77",SETTLED
TXNA0DFE6101589,2026-07-15 09:15:59,"3,76,096.59",SETTLED
TXNA0DFE6100166,2026-07-15 14:10:23,"3,69,597.83",SETTLED
TXNA0DFE6102787,2026-07-15 09:51:06,"3,19,928.08/-",SETTLED
TXNA0DFE6101196,2026-07-15 03:09:32,"Rs. 8,89,117.81",SETTLED
TXNA0DFE6103587,2026-07-15 14:19:31,"5,43,658.03",SETTLED
TXNA0DFE6102110,2026-07-15 06:52:11,"3,78,840.27",SETTLED
TXNA0DFE6102112,2026-07-15 07:44:43,"6,92,803.46/-",SETTLED
TXNA0DFE6100817,2026-07-15 10:18:16,"Rs. 4,31,811.19",SETTLED
TXNA0DFE6101836,2026-07-15 14:59:42,"2,44,348.94",SETTLED
TXNA0DFE6101839,2026-07-15 07:27:56,"4,56,920.32",SETTLED
TXNA0DFE6103293,2026-07-15 13:39:25,"4,55,573.64/-",SETTLED
TXNA0DFE6100460,2026-07-15 11:38:55,"Rs. 5,72,307.08",SETTLED
TXNA0DFE6101428,2026-07-15 16:22:26,"3,40,423.24",SETTLED
TXNA0DFE6101731,2026-07-15 03:47:35,"1,14,291.23",SETTLED
TXNA0DFE6103199,2026-07-15 15:20:00,"3,35,757.95/-",SETTLED
TXNA0DFE6101865,2026-07-15 03:27:05,"Rs. 2,04,644.09",SETTLED
TXNA0DFE6103117,2026-07-15 12:50:34,"60,776.14",SETTLED
TXNA0DFE6102263,2026-07-15 08:48:58,"6,72,243.07",SETTLED
TXNA0DFE6103075,2026-07-15 03:29:34,"5,58,680.23/-",SETTLED
TXNA0DFE6100568,2026-07-15 02:07:00,"Rs. 93,474.82",SETTLED
TXNA0DFE6101093,2026-07-15 11:24:48,"8,06,087.32",SETTLED
TXNA0DFE6101947,2026-07-15 09:03:17,"4,80,123.23",SETTLED
TXNA0DFE6101967,2026-07-15 04:34:24,"7,88,435.32/-",SETTLED
TXNA0DFE6102260,2026-07-15 09:23:38,"Rs. 4,81,274.82",SETTLED
TXNA0DFE6101328,2026-07-15 04:06:46,"4,75,369.76",SETTLED
TXNA0DFE6102373,2026-07-15 14:53:36,"7,99,936.10",SETTLED
TXNA0DFE6100365,2026-07-15 15:54:07,"7,85,324.39/-",SETTLED
TXNA0DFE6101274,2026-07-15 15:19:10,"Rs. 61,804.49",SETTLED
TXNA0DFE6103554,2026-07-15 08:19:31,"5,13,108.42",SETTLED
TXNA0DFE6101902,2026-07-15 05:13:16,"33,440.52",SETTLED
TXNA0DFE6100403,2026-07-15 12:18:30,"4,91,237.63/-",SETTLED
TXNA0DFE6103348,2026-07-15 01:34:58,"Rs. 6,94,165.26",SETTLED
TXNA0DFE6101758,2026-07-15 05:59:06,"6,44,360.74",SETTLED
TXNA0DFE6100422,2026-07-15 06:35:35,"7,03,168.08",SETTLED
TXNA0DFE6101571,2026-07-15 13:33:13,"8,45,746.07/-",SETTLED
TXNA0DFE6102385,2026-07-15 01:17:14,"Rs. 5,36,549.55",SETTLED
TXNA0DFE6500003,2026-07-15 14:16:07,"2,43,292.57",
TXNA0DFE6101272,2026-07-15 02:13:09,"4,64,355.28",SETTLED
TXNA0DFE6101476,2026-07-15 06:38:25,"2,25,932.02/-",SETTLED
TXNA0DFE6103336,2026-07-15 04:45:21,"Rs. 22,897.57",SETTLED
TXNA0DFE6102328,2026-07-15 04:49:05,"6,230.77",SETTLED
TXNA0DFE6102618,2026-07-15 04:35:36,"3,30,338.17",SETTLED
TXNA0DFE6100613,2026-07-15 12:32:47,"6,71,203.02/-",SETTLED
TXNA0DFE6100288,2026-07-15 01:58:00,"Rs. 92,359.83",SETTLED
TXNA0DFE6100131,2026-07-15 07:17:33,"2,74,966.32",SETTLED
TXNA0DFE6101893,2026-07-15 02:33:39,"7,86,696.38",SETTLED
TXNA0DFE6102690,2026-07-15 12:18:45,"5,58,879.29/-",SETTLED
TXNA0DFE6102623,2026-07-15 05:45:15,"Rs. 8,06,641.14",SETTLED
TXNA0DFE6101330,2026-07-15 15:22:04,"96,596.93",SETTLED
TXNA0DFE6101837,2026-07-15 04:07:12,"84,935.34",SETTLED
TXNA0DFE6100276,2026-07-15 04:18:48,"95,673.96/-",SETTLED
TXNA0DFE6101653,2026-07-15 09:03:31,"Rs. 28,341.73",SETTLED
TXNA0DFE6102438,2026-07-15 01:12:20,"2,10,913.18",SETTLED
TXNA0DFE6100906,2026-07-15 12:07:07,"57,200.46",SETTLED
TXNA0DFE6102513,2026-07-15 10:14:35,"6,98,185.06/-",SETTLED
TXNA0DFE6100157,2026-07-15 06:31:58,"Rs. 8,42,124.86",SETTLED
TXNA0DFE6101347,2026-07-15 12:01:56,"86,497.36",SETTLED
TXNA0DFE6101243,2026-07-15 00:40:17,"3,88,878.81",SETTLED
TXNA0DFE6100265,2026-07-15 06:04:47,"25,860.89/-",SETTLED
TXNA0DFE6102895,2026-07-15 15:56:30,"Rs. 5,34,812.65",SETTLED
TXNA0DFE6100333,2026-07-15 11:18:51,"7,98,580.64",SETTLED
TXNA0DFE6103337,2026-07-15 05:06:26,"7,35,272.97",SETTLED
TXNA0DFE6102995,2026-07-15 01:21:13,"6,19,659.43/-",SETTLED
TXNA0DFE6100330,2026-07-15 09:00:07,"Rs. 46,090.59",SETTLED
TXNA0DFE6101592,2026-07-15 06:22:20,"7,99,856.28",SETTLED
TXNA0DFE6102534,2026-07-15 12:04:42,"1,80,449.59",SETTLED
TXNA0DFE6100685,2026-07-15 12:18:13,"30,699.46/-",SETTLED
TXNA0DFE6103767,2026-07-15 15:11:29,"Rs. 89,092.30",SETTLED
TXNA0DFE6103667,2026-07-15 08:41:03,"6,56,131.85",SETTLED
TXNA0DFE6100618,2026-07-15 07:18:06,"1,57,643.80",SETTLED
TXNA0DFE6102158,2026-07-15 03:05:57,"1,84,847.66/-",SETTLED
TXNA0DFE6100926,2026-07-15 14:15:15,"Rs. 7,44,474.94",SETTLED
TXNA0DFE6102463,2026-07-15 01:49:19,"5,42,885.07",SETTLED
TXNA0DFE6102582,2026-07-15 15:41:07,"1,31,970.37",SETTLED
TXNA0DFE6100739,2026-07-15 11:21:00,"2,59,708.84/-",SETTLED
TXNA0DFE6103198,2026-07-15 00:39:17,"Rs. 7,64,483.32",SETTLED
TXNA0DFE6100819,2026-07-15 11:20:01,"2,40,735.42",SETTLED
TXNA0DFE6100651,2026-07-15 12:21:31,"1,73,829.86",SETTLED
TXNA0DFE6103363,2026-07-15 13:11:37,"3,79,411.95/-",SETTLED
TXNA0DFE6102009,2026-07-15 15:42:15,"Rs. 1,10,386.16",SETTLED
TXNA0DFE6102520,2026-07-15 11:58:27,"8,46,613.86",SETTLED
TXNA0DFE6102088,2026-07-15 13:00:28,"5,27,100.21",SETTLED
TXNA0DFE6101662,2026-07-15 12:01:03,"3,72,563.12/-",SETTLED
TXNA0DFE6101413,2026-07-15 09:18:24,"Rs. 3,85,373.41",SETTLED
TXNA0DFE6102408,2026-07-15 16:11:03,"3,71,453.47",SETTLED
TXNA0DFE6100034,2026-07-15 05:17:24,"1,01,438.11",SETTLED
TXNA0DFE6100971,2026-07-15 11:26:26,"1,11,445.43/-",SETTLED
TXNA0DFE6102250,2026-07-15 10:55:32,"Rs. 8,72,422.89",SETTLED
TXNA0DFE6100955,2026-07-15 11:44:02,"2,47,139.42",SETTLED
TXNA0DFE6101066,2026-07-15 05:08:38,"2,76,263.65",SETTLED
TXNA0DFE6102429,2026-07-15 14:28:23,"5,11,520.26/-",SETTLED
TXNA0DFE6102406,2026-07-15 01:24:55,"Rs. 7,25,411.90",SETTLED
TXNA0DFE6102102,2026-07-15 13:25:41,"3,59,464.28",SETTLED
TXNA0DFE6100909,2026-07-15 12:08:28,"4,43,129.95",SETTLED
TXNA0DFE6101703,2026-07-15 05:13:30,"7,48,533.39/-",SETTLED
TXNA0DFE6101763,2026-07-15 02:51:05,"Rs. 1,14,844.91",SETTLED
TXNA0DFE6100662,2026-07-15 13:39:07,"3,25,899.83",SETTLED
TXNA0DFE6103739,2026-07-15 04:48:02,"2,01,208.42",SETTLED
TXNA0DFE6101355,2026-07-15 10:15:14,"7,90,177.10/-",SETTLED
TXNA0DFE6103258,2026-07-15 01:04:04,"Rs. 4,17,242.92",SETTLED
TXNA0DFE6101102,2026-07-15 14:20:28,"4,85,729.18",SETTLED
TXNA0DFE6100380,2026-07-15 15:46:23,"1,93,943.87",SETTLED
TXNA0DFE6100736,2026-07-15 06:54:42,"6,17,720.45/-",SETTLED
TXNA0DFE6100525,2026-07-15 02:35:50,"Rs. 1,70,572.47",SETTLED
TXNA0DFE6101221,2026-07-15 08:47:36,"7,11,322.13",SETTLED
TXNA0DFE6102771,2026-07-15 14:38:43,"4,56,101.35",SETTLED
TXNA0DFE6101722,2026-07-15 09:15:36,"5,86,110.41/-",SETTLED
TXNA0DFE6100515,2026-07-15 08:24:46,"Rs. 6,77,572.32",SETTLED
TXNA0DFE6102920,2026-07-15 09:18:05,"5,14,663.37",SETTLED
TXNA0DFE6100347,2026-07-15 00:46:55,"3,11,176.92",SETTLED
TXNA0DFE6102339,2026-07-15 07:43:37,"1,39,419.16/-",SETTLED
TXNA0DFE6102814,2026-07-15 11:21:15,"Rs. 7,51,190.78",SETTLED
TXNA0DFE6103205,2026-07-15 08:34:10,"6,63,863.96",SETTLED
TXNA0DFE6101747,2026-07-15 05:44:21,"8,55,626.26",SETTLED
TXNA0DFE6103146,2026-07-15 13:36:55,"5,67,883.03/-",SETTLED
TXNA0DFE6101672,2026-07-15 04:23:26,"Rs. 7,67,429.70",SETTLED
TXNA0DFE6102371,2026-07-15 09:01:19,"8,86,113.33",SETTLED
TXNA0DFE6102436,2026-07-15 03:07:22,"7,82,713.64",SETTLED
TXNA0DFE6101076,2026-07-15 08:51:28,"4,13,495.98/-",SETTLED
TXNA0DFE6101636,2026-07-15 08:15:13,"Rs. 6,33,250.10",SETTLED
TXNA0DFE6103272,2026-07-15 08:25:29,"68,348.83",SETTLED
TXNA0DFE6101514,2026-07-15 04:02:58,"7,38,870.20",SETTLED
TXNA0DFE6101471,2026-07-15 09:14:04,"8,54,055.95/-",SETTLED
TXNA0DFE6101462,2026-07-15 04:12:51,"Rs. 5,68,277.31",SETTLED
TXNA0DFE6101513,2026-07-15 04:25:55,"5,04,767.40",SETTLED
TXNA0DFE6102750,2026-07-15 01:26:57,"8,63,982.23",SETTLED
TXNA0DFE6103204,2026-07-15 01:58:36,"6,42,393.15/-",SETTLED
TXNA0DFE6102231,2026-07-15 13:32:43,"Rs. 8,04,204.34",SETTLED
TXNA0DFE6100572,2026-07-15 15:43:52,"1,04,913.33",SETTLED
TXNA0DFE6101897,2026-07-15 09:39:23,"3,40,739.28",SETTLED
TXNA0DFE6101878,2026-07-15 06:12:49,"8,01,407.34/-",SETTLED
TXNA0DFE6100481,2026-07-15 01:44:53,"Rs. 92,209.56",SETTLED
TXNA0DFE6101278,2026-07-15 14:44:42,"1,47,998.46",SETTLED
TXNA0DFE6103736,2026-07-15 01:26:03,"8,74,862.90",SETTLED
TXNA0DFE6101232,2026-07-15 13:19:26,"1,19,700.74/-",SETTLED
TXNA0DFE6101741,2026-07-15 09:10:06,"Rs. 6,69,151.57",SETTLED
TXNA0DFE6102045,2026-07-15 00:44:24,"4,46,687.84",SETTLED
TXNA0DFE6100708,2026-07-15 10:02:41,"32,787.12",SETTLED
TXNA0DFE6103109,2026-07-15 08:34:03,"3,25,721.97/-",SETTLED
TXNA0DFE6103362,2026-07-15 04:36:43,"Rs. 8,48,085.38",SETTLED
TXNA0DFE6102577,2026-07-15 08:31:42,"7,15,111.20",SETTLED
TXNA0DFE6103541,2026-07-15 01:24:49,"95,595.37",SETTLED
TXNA0DFE6101566,2026-07-15 07:55:29,"6,19,235.42/-",SETTLED
TXNA0DFE6101886,2026-07-15 12:30:25,"Rs. 6,48,113.12",SETTLED
TXNA0DFE6100546,2026-07-15 12:57:01,"3,63,255.74",SETTLED
TXNA0DFE6101181,2026-07-15 10:54:22,"3,41,587.95",SETTLED
TXNA0DFE6101164,2026-07-15 12:57:04,"1,10,793.11/-",SETTLED
TXNA0DFE6101613,2026-07-15 11:29:28,"Rs. 2,44,145.39",SETTLED
TXNA0DFE6101789,2026-07-15 05:07:03,"4,42,557.09",SETTLED
TXNA0DFE6101401,2026-07-15 13:47:15,"2,13,595.80",SETTLED
TXNA0DFE6102598,2026-07-15 07:42:24,"5,95,224.91/-",SETTLED
TXNA0DFE6103491,2026-07-15 11:54:04,"Rs. 5,67,757.12",SETTLED
TXNA0DFE6100723,2026-07-15 15:14:29,"6,43,768.87",SETTLED
TXNA0DFE6102000,2026-07-15 13:39:02,"1,57,600.80",SETTLED
TXNA0DFE6102361,2026-07-15 01:42:35,"4,89,943.45/-",SETTLED
TXNA0DFE6100446,2026-07-15 07:45:19,"Rs. 4,24,145.24",SETTLED
TXNA0DFE6101644,2026-07-15 05:33:46,"6,94,700.53",SETTLED
TXNA0DFE6100606,2026-07-15 02:12:28,"1,71,012.83",SETTLED
TXNA0DFE6103448,2026-07-15 14:26:29,"2,98,941.01/-",SETTLED
TXNA0DFE6100284,2026-07-15 07:39:26,"Rs. 31,293.99",SETTLED
TXNA0DFE6100893,2026-07-15 00:59:56,"6,13,342.68",SETTLED
TXNA0DFE6100039,2026-07-15 11:49:47,"7,56,179.07",SETTLED
TXNA0DFE6101860,2026-07-15 04:51:30,"1,81,524.26/-",SETTLED
TXNA0DFE6500010,2026-07-15 14:01:11,"Rs. 3,66,248.63",
TXNA0DFE6101033,2026-07-15 00:30:32,"4,92,210.81",SETTLED
TXNA0DFE6101252,2026-07-15 08:01:24,"8,88,086.61",SETTLED
TXNA0DFE6103556,2026-07-15 01:51:21,"2,68,799.34/-",SETTLED
TXNA0DFE6101410,2026-07-15 09:29:22,"Rs. 3,47,328.12",SETTLED
TXNA0DFE6101197,2026-07-15 09:31:10,"8,68,413.52",SETTLED
TXNA0DFE6102857,2026-07-15 03:03:50,"3,41,384.98",SETTLED
TXNA0DFE6102130,2026-07-15 11:31:38,"2,58,518.65/-",SETTLED
TXNA0DFE6103232,2026-07-15 08:49:37,"Rs. 27,249.87",SETTLED
TXNA0DFE6102280,2026-07-15 06:32:01,"3,56,905.78",SETTLED
TXNA0DFE6103291,2026-07-15 14:56:12,"7,96,450.39",SETTLED
TXNA0DFE6100631,2026-07-15 13:11:49,"6,94,826.13/-",SETTLED
TXNA0DFE6101575,2026-07-15 15:38:02,"Rs. 8,24,827.03",SETTLED
TXNA0DFE6102551,2026-07-15 05:01:14,"6,62,878.40",SETTLED
TXNA0DFE6102645,2026-07-15 06:03:14,"7,16,855.88",SETTLED
TXNA0DFE6300015,2026-07-14 21:24:07,"91,802.26/-",SETTLED
TXNA0DFE6103400,2026-07-15 09:25:51,"Rs. 7,43,496.66",SETTLED
TXNA0DFE6100162,2026-07-15 05:15:11,"4,63,296.57",SETTLED
TXNA0DFE6102027,2026-07-15 00:41:07,"2,76,876.91",SETTLED
TXNA0DFE6103289,2026-07-15 09:08:25,"6,83,349.00/-",SETTLED
TXNA0DFE6100316,2026-07-15 09:20:27,"Rs. 2,75,767.49",SETTLED
TXNA0DFE6350008,2026-07-15 21:13:47,"4,27,279.21",SETTLED
TXNA0DFE6200002,2026-07-15 05:42:56,"2,45,218.69",SETTLED
TXNA0DFE6100174,2026-07-15 10:05:29,"2,11,001.61/-",SETTLED
TXNA0DFE6101615,2026-07-15 07:16:58,"Rs. 5,78,889.72",SETTLED
TXNA0DFE6102495,2026-07-15 07:51:31,"5,60,431.30",SETTLED
TXNA0DFE6101267,2026-07-15 09:51:11,"8,02,841.36",SETTLED
TXNA0DFE6101457,2026-07-15 11:42:49,"1,69,948.88/-",SETTLED
TXNA0DFE6101052,2026-07-15 15:12:37,"Rs. 4,71,435.62",SETTLED
TXNA0DFE6102319,2026-07-15 02:12:21,"6,09,492.58",SETTLED
TXNA0DFE6103586,2026-07-15 13:55:21,"2,00,192.72",SETTLED
TXNA0DFE6103413,2026-07-15 15:46:40,"1,54,278.61/-",SETTLED
TXNA0DFE6100177,2026-07-15 07:34:09,"Rs. 4,51,792.80",SETTLED
TXNA0DFE6101057,2026-07-15 10:05:46,"2,86,111.28",SETTLED
TXNA0DFE6100160,2026-07-15 14:43:19,"8,21,867.07",SETTLED
TXNA0DFE6101702,2026-07-15 11:45:49,"5,36,512.86/-",SETTLED
TXNA0DFE6102341,2026-07-15 05:33:18,"Rs. 7,29,268.01",SETTLED
TXNA0DFE6103707,2026-07-15 14:39:02,"5,06,015.16",SETTLED
TXNA0DFE6100440,2026-07-15 13:11:29,"8,46,034.52",SETTLED
TXNA0DFE6102650,2026-07-15 04:50:07,"1,25,601.11/-",SETTLED
TXNA0DFE6300010,2026-07-14 19:55:04,"Rs. 1,23,408.22",SETTLED
TXNA0DFE6101691,2026-07-15 04:37:42,"4,52,260.20",SETTLED
TXNA0DFE6102807,2026-07-15 14:14:12,"2,23,795.79",SETTLED
TXNA0DFE6102921,2026-07-15 09:37:13,"1,37,087.33/-",SETTLED
TXNA0DFE6102657,2026-07-15 13:49:07,"Rs. 77,223.90",SETTLED
TXNA0DFE6101409,2026-07-15 03:47:50,"5,83,944.88",SETTLED
TXNA0DFE6101654,2026-07-15 10:36:18,"4,14,738.09",SETTLED
TXNA0DFE6102182,2026-07-15 05:41:29,"1,55,142.32/-",SETTLED
TXNA0DFE6101063,2026-07-15 15:14:44,"Rs. 3,60,724.36",SETTLED
TXNA0DFE6103569,2026-07-15 00:35:34,"3,37,819.71",SETTLED
TXNA0DFE6102121,2026-07-15 01:36:36,"3,17,438.18",SETTLED
TXNA0DFE6102631,2026-07-15 11:17:51,"6,76,214.98/-",SETTLED
TXNA0DFE6103371,2026-07-15 12:56:13,"Rs. 7,81,650.38",SETTLED
TXNA0DFE6102616,2026-07-15 07:29:13,"75,629.73",SETTLED
TXNA0DFE6102710,2026-07-15 16:13:19,"4,38,255.76",SETTLED
TXNA0DFE6100250,2026-07-15 04:07:37,"6,96,610.31/-",SETTLED
TXNA0DFE6101736,2026-07-15 15:34:35,"Rs. 5,28,738.42",SETTLED
TXNA0DFE6101748,2026-07-15 07:05:20,"3,33,153.57",SETTLED
TXNA0DFE6101510,2026-07-15 00:59:40,"6,02,770.27",SETTLED
TXNA0DFE6103560,2026-07-15 05:24:55,"92,068.29/-",SETTLED
TXNA0DFE6101351,2026-07-15 11:34:23,"Rs. 4,41,261.33",SETTLED
TXNA0DFE6100299,2026-07-15 15:45:43,"2,00,468.79",SETTLED
TXNA0DFE6100048,2026-07-15 13:26:28,"5,29,563.81",SETTLED
TXNA0DFE6103372,2026-07-15 00:47:43,"94,023.46/-",SETTLED
TXNA0DFE6101890,2026-07-15 08:34:36,"Rs. 42,639.45",SETTLED
TXNA0DFE6103187,2026-07-15 10:57:13,"1,94,728.29",SETTLED
TXNA0DFE6100068,2026-07-15 14:00:46,"8,51,583.01",SETTLED
TXNA0DFE6100009,2026-07-15 13:55:58,"7,86,759.63/-",SETTLED
TXNA0DFE6101150,2026-07-15 03:05:51,"Rs. 5,78,879.61",SETTLED
TXNA0DFE6100997,2026-07-15 04:16:52,"1,07,468.77",SETTLED
TXNA0DFE6103013,2026-07-15 09:25:15,"3,74,720.23",SETTLED
TXNA0DFE6102440,2026-07-15 04:15:39,"7,71,684.54/-",SETTLED
TXNA0DFE6101346,2026-07-15 09:19:43,"Rs. 3,41,438.46",SETTLED
TXNA0DFE6100185,2026-07-15 10:39:46,"7,83,128.96",SETTLED
TXNA0DFE6103369,2026-07-15 05:08:53,"7,57,844.86",SETTLED
TXNA0DFE6100076,2026-07-15 07:07:59,"6,54,788.42/-",SETTLED
TXNA0DFE6100272,2026-07-15 11:30:51,"Rs. 2,69,441.88",SETTLED
TXNA0DFE6102667,2026-07-15 01:39:13,"7,27,082.74",SETTLED
TXNA0DFE6103302,2026-07-15 15:46:30,"1,93,217.90",SETTLED
TXNA0DFE6101115,2026-07-15 02:32:29,"7,36,778.87/-",SETTLED
TXNA0DFE6102292,2026-07-15 10:12:14,"Rs. 2,10,774.71",SETTLED
TXNA0DFE6103388,2026-07-15 07:18:40,"1,36,622.91",SETTLED
TXNA0DFE6103457,2026-07-15 05:35:30,"4,54,232.12",SETTLED
TXNA0DFE6103157,2026-07-15 15:41:58,"1,18,939.74/-",SETTLED
TXNA0DFE6100382,2026-07-15 07:14:35,"Rs. 3,26,417.13",SETTLED
TXNA0DFE6101501,2026-07-15 04:29:30,"5,56,031.62",SETTLED
TXNA0DFE6102713,2026-07-15 00:35:57,"1,38,970.38",SETTLED
TXNA0DFE6100115,2026-07-15 06:49:46,"49,293.23/-",SETTLED
TXNA0DFE6102533,2026-07-15 00:52:00,"Rs. 7,50,735.23",SETTLED
TXNA0DFE6100094,2026-07-15 02:47:44,"3,82,647.23",SETTLED
TXNA0DFE6103462,2026-07-15 12:03:25,"6,27,998.07",SETTLED
TXNA0DFE6100484,2026-07-15 02:43:39,"5,45,593.80/-",SETTLED
TXNA0DFE6101035,2026-07-15 05:10:22,"Rs. 3,02,492.76",SETTLED
TXNA0DFE6100127,2026-07-15 07:26:21,"8,60,630.41",SETTLED
TXNA0DFE6103565,2026-07-15 08:52:17,"6,75,367.42",SETTLED
TXNA0DFE6101819,2026-07-15 02:02:14,"8,26,661.66/-",SETTLED
TXNA0DFE6100346,2026-07-15 15:19:59,"Rs. 6,80,927.17",SETTLED
TXNA0DFE6103717,2026-07-15 02:40:09,"5,26,997.60",SETTLED
TXNA0DFE6103340,2026-07-15 07:37:35,"1,23,362.41",SETTLED
TXNA0DFE6103445,2026-07-15 09:23:55,"1,86,784.29/-",SETTLED
TXNA0DFE6103051,2026-07-15 01:29:42,"Rs. 2,60,635.10",SETTLED
TXNA0DFE6103007,2026-07-15 06:38:15,"61,864.69",SETTLED
TXNA0DFE6101931,2026-07-15 13:27:33,"7,96,239.62",SETTLED
TXNA0DFE6103135,2026-07-15 04:44:33,"6,33,040.02/-",SETTLED
TXNA0DFE6100867,2026-07-15 07:23:15,"Rs. 5,67,474.08",SETTLED
TXNA0DFE6101325,2026-07-15 03:00:23,"7,32,436.47",SETTLED
TXNA0DFE6100690,2026-07-15 05:18:13,"3,77,930.28",SETTLED
TXNA0DFE6100435,2026-07-15 03:54:02,"8,65,166.60/-",SETTLED
TXNA0DFE6103214,2026-07-15 02:44:55,"Rs. 5,23,392.41",SETTLED
TXNA0DFE6101528,2026-07-15 13:26:38,"5,18,047.90",SETTLED
TXNA0DFE6101518,2026-07-15 03:37:16,"8,04,406.35",SETTLED
TXNA0DFE6102335,2026-07-15 13:01:54,"8,18,923.91/-",SETTLED
TXNA0DFE6102099,2026-07-15 03:04:42,"Rs. 3,85,438.45",SETTLED
TXNA0DFE6100270,2026-07-15 09:58:42,"2,99,045.38",SETTLED
TXNA0DFE6101447,2026-07-15 06:14:48,"7,09,702.38",SETTLED
TXNA0DFE6100795,2026-07-15 08:12:13,"7,57,222.92/-",SETTLED
TXNA0DFE6102973,2026-07-15 06:32:42,"Rs. 3,38,662.52",SETTLED
TXNA0DFE6102795,2026-07-15 05:44:02,"6,72,362.70",SETTLED
TXNA0DFE6103169,2026-07-15 11:39:21,"81,244.34",SETTLED
TXNA0DFE6100487,2026-07-15 07:18:17,"7,16,286.94/-",SETTLED
TXNA0DFE6103588,2026-07-15 10:23:22,"Rs. 2,64,290.64",SETTLED
TXNA0DFE6102479,2026-07-15 05:20:16,"8,62,537.09",SETTLED
TXNA0DFE6103103,2026-07-15 15:17:59,"7,877.13",SETTLED
TXNA0DFE6300018,2026-07-14 20:21:46,"4,67,425.26/-",SETTLED
TXNA0DFE6101254,2026-07-15 04:57:27,"Rs. 1,36,780.34",SETTLED
TXNA0DFE6103379,2026-07-15 11:11:38,"6,71,197.28",SETTLED
TXNA0DFE6103672,2026-07-15 06:59:46,"7,21,588.02",SETTLED
TXNA0DFE6101727,2026-07-15 05:19:13,"2,50,248.67/-",SETTLED
TXNA0DFE6102583,2026-07-15 06:46:38,"Rs. 8,38,620.08",SETTLED
TXNA0DFE6102022,2026-07-15 06:43:52,"7,21,816.19",SETTLED
TXNA0DFE6103359,2026-07-15 07:12:51,"4,70,303.15",SETTLED
TXNA0DFE6102818,2026-07-15 06:04:09,"8,20,926.90/-",SETTLED
TXNA0DFE6100133,2026-07-15 02:52:32,"Rs. 5,07,502.84",SETTLED
TXNA0DFE6102922,2026-07-15 01:11:40,"3,92,454.34",SETTLED
TXNA0DFE6102420,2026-07-15 12:55:15,"3,51,244.89",SETTLED
TXNA0DFE6102553,2026-07-15 05:07:17,"4,23,059.02/-",SETTLED
TXNA0DFE6102626,2026-07-15 03:37:53,"Rs. 5,65,673.24",SETTLED
TXNA0DFE6103058,2026-07-15 05:04:42,"3,12,572.93",SETTLED
TXNA0DFE6102435,2026-07-15 06:50:52,"6,40,806.08",SETTLED
TXNA0DFE6101677,2026-07-15 01:41:17,"2,98,842.91/-",SETTLED
TXNA0DFE6103351,2026-07-15 01:38:02,"Rs. 3,24,197.94",SETTLED
TXNA0DFE6102206,2026-07-15 07:07:32,"1,84,817.24",SETTLED
TXNA0DFE6103459,2026-07-15 01:59:52,"1,01,055.57",SETTLED
TXNA0DFE6101719,2026-07-15 14:49:45,"83,912.24/-",SETTLED
TXNA0DFE6102033,2026-07-15 06:18:44,"Rs. 75,323.07",SETTLED
TXNA0DFE6101043,2026-07-15 03:48:00,"77,529.92",SETTLED
TXNA0DFE6100550,2026-07-15 15:56:56,"8,44,297.51",SETTLED
TXNA0DFE6100107,2026-07-15 10:06:22,"2,07,433.68/-",SETTLED
TXNA0DFE6102884,2026-07-15 12:42:17,"Rs. 7,07,228.64",SETTLED
TXNA0DFE6103193,2026-07-15 01:20:12,"7,29,861.88",SETTLED
TXNA0DFE6100697,2026-07-15 06:00:02,"7,07,691.75",SETTLED
TXNA0DFE6102171,2026-07-15 00:35:37,"25,562.80/-",SETTLED
TXNA0DFE6103607,2026-07-15 02:35:58,"Rs. 5,16,690.35",SETTLED
TXNA0DFE6101535,2026-07-15 12:28:54,"7,74,771.70",SETTLED
TXNA0DFE6100849,2026-07-15 09:52:33,"5,64,320.20",SETTLED
TXNA0DFE6102069,2026-07-15 14:08:48,"5,22,729.77/-",SETTLED
TXNA0DFE6100696,2026-07-15 15:46:23,"Rs. 7,88,695.64",SETTLED
TXNA0DFE6100586,2026-07-15 01:19:16,"73,068.70",SETTLED
TXNA0DFE6102101,2026-07-15 13:24:42,"1,21,289.82",SETTLED
TXNA0DFE6100599,2026-07-15 02:36:36,"8,00,014.25/-",SETTLED
TXNA0DFE6103212,2026-07-15 07:58:48,"Rs. 2,05,632.40",SETTLED
TXNA0DFE6100445,2026-07-15 03:55:36,"4,84,468.20",SETTLED
TXNA0DFE6103731,2026-07-15 06:16:49,"6,01,474.98",SETTLED
TXNA0DFE6101658,2026-07-15 03:18:49,"4,31,206.09/-",SETTLED
TXNA0DFE6103049,2026-07-15 06:33:56,"Rs. 1,90,099.21",SETTLED
TXNA0DFE6101356,2026-07-15 03:28:29,"9,926.80",SETTLED
TXNA0DFE6102840,2026-07-15 09:03:48,"8,21,724.36",SETTLED
TXNA0DFE6102493,2026-07-15 08:45:30,"7,49,411.19/-",SETTLED
TXNA0DFE6102911,2026-07-15 14:02:05,"Rs. 3,60,382.16",SETTLED
TXNA0DFE6102491,2026-07-15 09:02:51,"7,06,515.26",SETTLED
TXNA0DFE6102758,2026-07-15 09:47:14,"2,76,801.58",SETTLED
TXNA0DFE6101242,2026-07-15 03:48:42,"2,25,710.51/-",SETTLED
TXNA0DFE6101939,2026-07-15 12:43:32,"Rs. 8,66,906.87",SETTLED
TXNA0DFE6102298,2026-07-15 11:03:22,"7,15,728.68",SETTLED
TXNA0DFE6102476,2026-07-15 07:39:59,"8,98,741.69",SETTLED
TXNA0DFE6102594,2026-07-15 01:24:39,"8,18,469.41/-",SETTLED
TXNA0DFE6102071,2026-07-15 16:08:45,"Rs. 5,46,920.11",SETTLED
TXNA0DFE6103559,2026-07-15 14:27:22,"5,92,644.57",SETTLED
TXNA0DFE6103162,2026-07-15 13:43:35,"3,45,949.23",SETTLED
TXNA0DFE6103014,2026-07-15 11:48:55,"4,60,162.90/-",SETTLED
TXNA0DFE6101830,2026-07-15 09:25:42,"Rs. 3,12,988.53",SETTLED
TXNA0DFE6102474,2026-07-15 01:59:06,"2,54,047.68",SETTLED
TXNA0DFE6100424,2026-07-15 02:21:51,"4,65,956.42",SETTLED
TXNA0DFE6101834,2026-07-15 09:38:35,"6,44,226.56/-",SETTLED
TXNA0DFE6101671,2026-07-15 10:23:44,"Rs. 1,06,110.78",SETTLED
TXNA0DFE6101146,2026-07-15 02:48:52,"7,10,104.79",SETTLED
TXNA0DFE6101785,2026-07-15 03:53:50,"4,78,453.43",SETTLED
TXNA0DFE6103382,2026-07-15 12:23:39,"8,38,815.85/-",SETTLED
TXNA0DFE6100543,2026-07-15 09:18:33,"Rs. 6,59,037.38",SETTLED
TXNA0DFE6103004,2026-07-15 14:03:12,"5,44,286.54",SETTLED
TXNA0DFE6101539,2026-07-15 09:40:15,"5,21,151.90",SETTLED
TXNA0DFE6103018,2026-07-15 08:25:31,"2,50,377.41/-",SETTLED
TXNA0DFE6102560,2026-07-15 04:42:54,"Rs. 7,49,202.95",SETTLED
TXNA0DFE6102985,2026-07-15 06:07:48,"6,00,287.79",SETTLED
TXNA0DFE6100850,2026-07-15 05:51:27,"8,21,859.78",SETTLED
TXNA0DFE6101944,2026-07-15 10:54:35,"5,35,223.73/-",SETTLED
TXNA0DFE6102327,2026-07-15 03:54:29,"Rs. 63,674.04",SETTLED
TXNA0DFE6350000,2026-07-15 21:15:31,"4,43,564.01",SETTLED
TXNA0DFE6100857,2026-07-15 01:42:50,"8,66,031.06",SETTLED
TXNA0DFE6100578,2026-07-15 07:34:31,"5,51,215.21/-",SETTLED
TXNA0DFE6102123,2026-07-15 11:22:57,"Rs. 6,88,908.93",SETTLED
TXNA0DFE6103755,2026-07-15 10:11:53,"4,89,155.74",SETTLED
TXNA0DFE6101715,2026-07-15 02:58:28,"4,58,949.10",SETTLED
TXNA0DFE6102400,2026-07-15 11:02:19,"3,28,931.60/-",SETTLED
TXNA0DFE6101231,2026-07-15 03:47:05,"Rs. 8,93,278.07",SETTLED
TXNA0DFE6102166,2026-07-15 11:23:01,"8,76,081.84",SETTLED
TXNA0DFE6100890,2026-07-15 08:00:56,"7,56,285.29",SETTLED
TXNA0DFE6101461,2026-07-15 01:22:08,"2,15,557.16/-",SETTLED
TXNA0DFE6103326,2026-07-15 07:55:48,"Rs. 4,24,473.79",SETTLED
TXNA0DFE6100680,2026-07-15 01:22:25,"8,89,032.63",SETTLED
TXNA0DFE6102558,2026-07-15 14:46:02,"7,00,372.72",SETTLED
TXNA0DFE6102511,2026-07-15 07:21:59,"4,34,513.97/-",SETTLED
TXNA0DFE6100898,2026-07-15 06:43:17,"Rs. 2,50,525.43",SETTLED
TXNA0DFE6100073,2026-07-15 15:33:00,"8,63,408.36",SETTLED
TXNA0DFE6102065,2026-07-15 07:07:30,"27,839.73",SETTLED
TXNA0DFE6102245,2026-07-15 09:37:02,"6,20,773.25/-",SETTLED
TXNA0DFE6101852,2026-07-15 07:00:45,"Rs. 8,34,826.77",SETTLED
TXNA0DFE6103026,2026-07-15 08:34:03,"1,04,402.40",SETTLED
TXNA0DFE6101277,2026-07-15 14:48:12,"8,03,701.53",SETTLED
TXNA0DFE6102036,2026-07-15 00:59:36,"8,39,335.16/-",SETTLED
TXNA0DFE6100765,2026-07-15 04:19:04,"Rs. 4,63,490.68",SETTLED
TXNA0DFE6101990,2026-07-15 05:50:30,"4,54,638.94",SETTLED
TXNA0DFE6100283,2026-07-15 10:33:33,"6,73,875.84",SETTLED
TXNA0DFE6103234,2026-07-15 15:44:21,"9,781.29/-",SETTLED
TXNA0DFE6102676,2026-07-15 04:30:53,"Rs. 7,37,928.00",SETTLED
TXNA0DFE6103625,2026-07-15 12:42:31,"6,190.96",SETTLED
TXNA0DFE6101028,2026-07-15 04:32:48,"3,05,033.69",SETTLED
TXNA0DFE6101240,2026-07-15 01:23:44,"1,81,191.28/-",SETTLED
TXNA0DFE6102083,2026-07-15 05:27:02,"Rs. 3,38,510.22",SETTLED
TXNA0DFE6102122,2026-07-15 13:24:50,"23,336.87",SETTLED
TXNA0DFE6102774,2026-07-15 12:23:03,"3,93,935.40",SETTLED
TXNA0DFE6100190,2026-07-15 08:14:58,"3,13,434.08/-",SETTLED
TXNA0DFE6102489,2026-07-15 13:50:44,"Rs. 31,653.63",SETTLED
TXNA0DFE6102670,2026-07-15 10:22:26,"5,59,044.15",SETTLED
TXNA0DFE6100709,2026-07-15 14:18:59,"81,784.45",SETTLED
TXNA0DFE6100211,2026-07-15 03:18:18,"8,68,299.19/-",SETTLED
TXNA0DFE6101538,2026-07-15 16:21:44,"Rs. 7,65,812.41",SETTLED
TXNA0DFE6103015,2026-07-15 14:18:48,"3,06,733.16",SETTLED
TXNA0DFE6300009,2026-07-14 19:22:05,"3,25,408.47",SETTLED
TXNA0DFE6103568,2026-07-15 11:14:39,"1,39,410.37/-",SETTLED
TXNA0DFE6300022,2026-07-14 19:51:49,"Rs. 4,05,099.53",SETTLED
TXNA0DFE6102606,2026-07-15 05:41:06,"4,85,325.37",SETTLED
TXNA0DFE6102006,2026-07-15 00:58:44,"4,23,023.22",SETTLED
TXNA0DFE6102831,2026-07-15 07:50:31,"4,45,013.28/-",SETTLED
TXNA0DFE6103168,2026-07-15 06:03:12,"Rs. 3,68,463.24",SETTLED
TXNA0DFE6101152,2026-07-15 14:13:20,"4,35,135.56",SETTLED
TXNA0DFE6100848,2026-07-15 03:42:40,"7,86,190.65",SETTLED
TXNA0DFE6100074,2026-07-15 14:44:06,"3,57,924.61/-",SETTLED
TXNA0DFE6100473,2026-07-15 02:11:15,"Rs. 7,94,614.05",SETTLED
TXNA0DFE6101145,2026-07-15 00:47:10,"1,62,917.02",SETTLED
TXNA0DFE6101085,2026-07-15 05:48:55,"12,880.81",SETTLED
TXNA0DFE6103163,2026-07-15 04:08:46,"2,27,496.63/-",SETTLED
TXNA0DFE6102221,2026-07-15 07:47:33,"Rs. 3,00,683.77",SETTLED
TXNA0DFE6102135,2026-07-15 16:08:46,"8,44,155.28",SETTLED
TXNA0DFE6100767,2026-07-15 13:12:17,"3,36,759.72",SETTLED
TXNA0DFE6102107,2026-07-15 14:29:43,"6,54,104.39/-",SETTLED
TXNA0DFE6100419,2026-07-15 12:38:40,"Rs. 2,32,063.74",SETTLED
TXNA0DFE6101593,2026-07-15 09:55:08,"6,73,945.07",SETTLED
TXNA0DFE6102487,2026-07-15 14:40:49,"4,72,325.36",SETTLED
TXNA0DFE6102196,2026-07-15 16:05:05,"8,23,798.76/-",SETTLED
TXNA0DFE6103643,2026-07-15 15:50:41,"Rs. 5,60,112.74",SETTLED
TXNA0DFE6102815,2026-07-15 03:14:57,"1,82,682.01",SETTLED
TXNA0DFE6103735,2026-07-15 14:10:06,"2,68,550.90",SETTLED
TXNA0DFE6102955,2026-07-15 10:40:13,"5,67,174.95/-",SETTLED
TXNA0DFE6103045,2026-07-15 06:32:52,"Rs. 31,304.75",SETTLED
TXNA0DFE6100474,2026-07-15 03:54:56,"7,92,184.56",SETTLED
TXNA0DFE6100434,2026-07-15 04:18:22,"5,07,549.16",SETTLED
TXNA0DFE6101287,2026-07-15 14:47:11,"6,86,746.73/-",SETTLED
TXNA0DFE6100056,2026-07-15 04:09:40,"Rs. 87,326.85",SETTLED
TXNA0DFE6101030,2026-07-15 02:16:04,"1,60,031.28",SETTLED
TXNA0DFE6103156,2026-07-15 10:48:09,"3,80,953.67",SETTLED
TXNA0DFE6100689,2026-07-15 11:27:10,"1,16,694.01/-",SETTLED
TXNA0DFE6102364,2026-07-15 08:31:27,"Rs. 4,46,643.44",SETTLED
TXNA0DFE6103530,2026-07-15 06:36:23,"1,27,423.26",SETTLED
TXNA0DFE6103732,2026-07-15 14:00:00,"2,05,432.68",SETTLED
TXNA0DFE6103475,2026-07-15 14:42:05,"4,98,574.76/-",SETTLED
TXNA0DFE6101210,2026-07-15 13:48:14,"Rs. 6,74,916.62",SETTLED
TXNA0DFE6100296,2026-07-15 04:44:41,"65,018.41",SETTLED
TXNA0DFE6103265,2026-07-15 16:08:47,"4,81,504.26",SETTLED
TXNA0DFE6100480,2026-07-15 08:18:51,"8,90,199.10/-",SETTLED
TXNA0DFE6200001,2026-07-15 05:42:13,"Rs. 1,87,549.07",SETTLED
TXNA0DFE6102079,2026-07-15 13:14:49,"4,21,516.56",SETTLED
TXNA0DFE6102632,2026-07-15 14:49:22,"2,50,066.72",SETTLED
TXNA0DFE6100733,2026-07-15 13:48:31,"2,42,448.67/-",SETTLED
TXNA0DFE6103548,2026-07-15 09:01:05,"Rs. 6,55,218.37",SETTLED
TXNA0DFE6102996,2026-07-15 09:17:08,"6,68,930.85",SETTLED
TXNA0DFE6102212,2026-07-15 01:41:29,"2,51,533.36",SETTLED
TXNA0DFE6103383,2026-07-15 15:39:48,"8,57,779.36/-",SETTLED
TXNA0DFE6100946,2026-07-15 14:23:07,"Rs. 7,91,834.91",SETTLED
TXNA0DFE6350002,2026-07-15 23:18:17,"22,291.58",SETTLED
TXNA0DFE6103596,2026-07-15 14:30:05,"31,610.63",SETTLED
TXNA0DFE6103747,2026-07-15 03:04:04,"5,59,164.58/-",SETTLED
TXNA0DFE6102167,2026-07-15 09:26:39,"Rs. 6,38,266.24",SETTLED
TXNA0DFE6103370,2026-07-15 10:54:17,"1,48,234.07",SETTLED
TXNA0DFE6102848,2026-07-15 03:46:57,"6,86,050.16",SETTLED
TXNA0DFE6101304,2026-07-15 09:43:24,"8,05,608.57/-",SETTLED
TXNA0DFE6103068,2026-07-15 04:57:14,"Rs. 5,13,243.90",SETTLED
TXNA0DFE6100293,2026-07-15 01:53:35,"7,04,097.19",SETTLED
TXNA0DFE6102664,2026-07-15 02:01:26,"5,58,673.75",SETTLED
TXNA0DFE6103653,2026-07-15 06:54:13,"1,74,537.29/-",SETTLED
TXNA0DFE6101970,2026-07-15 08:33:49,"Rs. 7,24,812.86",SETTLED
TXNA0DFE6102865,2026-07-15 10:23:23,"2,64,342.49",SETTLED
TXNA0DFE6101408,2026-07-15 09:24:25,"4,60,172.06",SETTLED
TXNA0DFE6100682,2026-07-15 13:34:31,"7,47,587.47/-",SETTLED
TXNA0DFE6102909,2026-07-15 14:25:18,"Rs. 3,22,206.31",SETTLED
TXNA0DFE6101300,2026-07-15 10:22:51,"1,47,064.82",SETTLED
TXNA0DFE6101484,2026-07-15 05:17:42,"6,88,771.31",SETTLED
TXNA0DFE6102367,2026-07-15 07:46:22,"4,10,470.36/-",SETTLED
TXNA0DFE6100782,2026-07-15 03:36:33,"Rs. 2,58,567.54",SETTLED
TXNA0DFE6103225,2026-07-15 03:09:07,"5,92,986.65",SETTLED
TXNA0DFE6100184,2026-07-15 11:39:35,"7,47,195.36",SETTLED
TXNA0DFE6100842,2026-07-15 12:02:31,"3,06,546.03/-",SETTLED
TXNA0DFE6100904,2026-07-15 05:45:08,"Rs. 1,69,870.11",SETTLED
TXNA0DFE6102590,2026-07-15 03:53:55,"3,58,136.63",SETTLED
TXNA0DFE6102695,2026-07-15 11:22:31,"2,56,372.68",SETTLED
TXNA0DFE6101358,2026-07-15 07:34:24,"3,44,371.37/-",SETTLED
TXNA0DFE6103307,2026-07-15 11:28:53,"Rs. 4,91,384.23",SETTLED
TXNA0DFE6101530,2026-07-15 10:16:50,"3,51,577.91",SETTLED
TXNA0DFE6101610,2026-07-15 11:07:01,"7,11,821.58",SETTLED
TXNA0DFE6101315,2026-07-15 02:29:06,"4,46,924.18/-",SETTLED
TXNA0DFE6101787,2026-07-15 02:07:48,"Rs. 7,61,074.50",SETTLED
TXNA0DFE6100642,2026-07-15 13:45:11,"2,66,331.12",SETTLED
TXNA0DFE6101053,2026-07-15 00:52:42,"2,14,746.14",SETTLED
TXNA0DFE6100268,2026-07-15 14:04:42,"4,46,825.78/-",SETTLED
TXNA0DFE6102554,2026-07-15 10:06:41,"Rs. 4,21,771.55",SETTLED
TXNA0DFE6100161,2026-07-15 13:54:57,"8,71,128.87",SETTLED
TXNA0DFE6100742,2026-07-15 13:26:55,"2,08,358.91",SETTLED
TXNA0DFE6100925,2026-07-15 01:20:33,"3,88,003.34/-",SETTLED
TXNA0DFE6103246,2026-07-15 05:20:20,"Rs. 3,81,848.02",SETTLED
TXNA0DFE6100894,2026-07-15 01:20:21,"1,62,128.81",SETTLED
TXNA0DFE6101169,2026-07-15 04:54:04,"7,38,616.49",SETTLED
TXNA0DFE6102699,2026-07-15 02:00:37,"3,66,068.18/-",SETTLED
TXNA0DFE6101319,2026-07-15 00:57:54,"Rs. 1,83,622.84",SETTLED
TXNA0DFE6102799,2026-07-15 01:20:51,"6,31,893.49",SETTLED
TXNA0DFE6102359,2026-07-15 11:59:00,"5,45,966.25",SETTLED
TXNA0DFE6103468,2026-07-15 02:47:24,"8,40,678.16/-",SETTLED
TXNA0DFE6103350,2026-07-15 06:02:03,"Rs. 3,19,026.63",SETTLED
TXNA0DFE6101723,2026-07-15 00:35:56,"5,45,908.68",SETTLED
TXNA0DFE6100775,2026-07-15 14:09:49,"2,34,888.23",SETTLED
TXNA0DFE6101441,2026-07-15 08:22:40,"61,261.00/-",SETTLED
TXNA0DFE6102356,2026-07-15 12:02:02,"Rs. 7,00,781.59",SETTLED
TXNA0DFE6100126,2026-07-15 00:35:42,"42,117.08",SETTLED
TXNA0DFE6102204,2026-07-15 15:58:23,"6,14,487.23",SETTLED
TXNA0DFE6101276,2026-07-15 06:44:40,"87,472.77/-",SETTLED
TXNA0DFE6102090,2026-07-15 13:10:50,"Rs. 3,14,621.62",SETTLED
TXNA0DFE6101966,2026-07-15 10:05:29,"6,43,076.07",SETTLED
TXNA0DFE6102384,2026-07-15 03:13:14,"6,33,475.33",SETTLED
TXNA0DFE6101963,2026-07-15 05:48:19,"1,71,889.47/-",SETTLED
TXNA0DFE6102257,2026-07-15 12:24:57,"Rs. 1,69,683.22",SETTLED
TXNA0DFE6100774,2026-07-15 01:24:38,"8,44,663.09",SETTLED
TXNA0DFE6100178,2026-07-15 04:45:39,"46,653.30",SETTLED
TXNA0DFE6102118,2026-07-15 06:18:22,"7,19,517.12/-",SETTLED
TXNA0DFE6103702,2026-07-15 09:13:07,"Rs. 7,48,936.68",SETTLED
TXNA0DFE6103647,2026-07-15 01:22:39,"3,24,465.17",SETTLED
TXNA0DFE6101174,2026-07-15 03:36:48,"7,38,207.55",SETTLED
TXNA0DFE6102766,2026-07-15 07:14:47,"2,87,324.27/-",SETTLED
TXNA0DFE6102883,2026-07-15 03:26:59,"Rs. 6,03,176.94",SETTLED
TXNA0DFE6101204,2026-07-15 15:11:52,"5,29,517.23",SETTLED
TXNA0DFE6100705,2026-07-15 02:18:58,"1,72,043.94",SETTLED
TXNA0DFE6102730,2026-07-15 13:35:49,"2,82,671.95/-",SETTLED
TXNA0DFE6103442,2026-07-15 01:00:16,"Rs. 4,95,568.65",SETTLED
TXNA0DFE6100302,2026-07-15 07:52:31,"4,47,584.90",SETTLED
TXNA0DFE6102855,2026-07-15 02:22:49,"3,74,199.07",SETTLED
TXNA0DFE6101485,2026-07-15 04:25:20,"5,02,997.19/-",SETTLED
TXNA0DFE6102804,2026-07-15 07:27:09,"Rs. 4,01,589.25",SETTLED
TXNA0DFE6102305,2026-07-15 10:42:26,"2,89,764.36",SETTLED
TXNA0DFE6102510,2026-07-15 04:59:20,"5,41,728.51",SETTLED
TXNA0DFE6103683,2026-07-15 00:57:29,"7,01,438.16/-",SETTLED
TXNA0DFE6102783,2026-07-15 12:20:16,"Rs. 7,15,888.13",SETTLED
TXNA0DFE6103006,2026-07-15 07:42:34,"3,56,444.52",SETTLED
TXNA0DFE6103143,2026-07-15 12:00:30,"2,97,091.22",SETTLED
TXNA0DFE6350014,2026-07-15 21:49:23,"3,20,657.19/-",SETTLED
TXNA0DFE6102159,2026-07-15 02:46:39,"Rs. 2,89,858.47",SETTLED
TXNA0DFE6103277,2026-07-15 07:26:06,"1,54,086.28",SETTLED
TXNA0DFE6103217,2026-07-15 03:30:52,"4,81,394.10",SETTLED
TXNA0DFE6101498,2026-07-15 11:22:59,"8,25,540.12/-",SETTLED
TXNA0DFE6103650,2026-07-15 03:02:15,"Rs. 1,57,403.14",SETTLED
TXNA0DFE6101029,2026-07-15 02:48:17,"7,96,274.63",SETTLED
TXNA0DFE6102782,2026-07-15 02:42:22,"1,69,561.70",SETTLED
TXNA0DFE6103763,2026-07-15 04:20:38,"2,03,046.54/-",SETTLED
TXNA0DFE6101657,2026-07-15 14:16:30,"Rs. 7,27,298.84",SETTLED
TXNA0DFE6101776,2026-07-15 00:36:14,"64,438.69",SETTLED
TXNA0DFE6102163,2026-07-15 13:03:54,"4,35,732.13",SETTLED
TXNA0DFE6102879,2026-07-15 00:34:05,"19,177.96/-",SETTLED
TXNA0DFE6101440,2026-07-15 02:02:20,"Rs. 1,82,051.91",SETTLED
TXNA0DFE6101590,2026-07-15 11:35:43,"2,86,463.43",SETTLED
TXNA0DFE6101664,2026-07-15 14:53:57,"2,88,740.48",SETTLED
TXNA0DFE6101108,2026-07-15 13:16:34,"6,25,327.39/-",SETTLED
TXNA0DFE6100921,2026-07-15 12:37:01,"Rs. 5,82,680.94",SETTLED
TXNA0DFE6100787,2026-07-15 02:25:34,"8,05,236.12",SETTLED
TXNA0DFE6100500,2026-07-15 12:16:59,"7,73,597.72",SETTLED
TXNA0DFE6101342,2026-07-15 14:02:02,"2,00,187.28/-",SETTLED
TXNA0DFE6101829,2026-07-15 01:00:32,"Rs. 3,14,907.54",SETTLED
TXNA0DFE6101926,2026-07-15 13:36:46,"8,76,604.64",SETTLED
TXNA0DFE6100248,2026-07-15 10:11:34,"17,883.20",SETTLED
TXNA0DFE6100570,2026-07-15 01:45:33,"6,02,444.70/-",SETTLED
TXNA0DFE6103209,2026-07-15 02:55:45,"Rs. 7,38,784.85",SETTLED
TXNA0DFE6101873,2026-07-15 06:14:16,"1,04,547.79",SETTLED
TXNA0DFE6103083,2026-07-15 14:09:58,"7,62,776.91",SETTLED
TXNA0DFE6101095,2026-07-15 06:31:02,"2,72,818.96/-",SETTLED
TXNA0DFE6101140,2026-07-15 12:24:59,"Rs. 1,54,854.10",SETTLED
TXNA0DFE6102532,2026-07-15 15:48:42,"7,51,679.69",SETTLED
TXNA0DFE6103094,2026-07-15 04:29:09,"6,45,563.40",SETTLED
TXNA0DFE6103738,2026-07-15 00:50:01,"5,98,474.18/-",SETTLED
TXNA0DFE6100129,2026-07-15 09:54:53,"Rs. 7,40,223.14",SETTLED
TXNA0DFE6101542,2026-07-15 14:44:20,"3,88,803.38",SETTLED
TXNA0DFE6103247,2026-07-15 02:56:56,"5,54,337.77",SETTLED
TXNA0DFE6101137,2026-07-15 14:17:41,"7,84,327.06/-",SETTLED
TXNA0DFE6102019,2026-07-15 03:53:42,"Rs. 78,410.39",SETTLED
TXNA0DFE6102126,2026-07-15 06:17:03,"28,411.21",SETTLED
TXNA0DFE6100859,2026-07-15 05:24:18,"5,29,302.13",SETTLED
TXNA0DFE6101001,2026-07-15 10:18:46,"4,34,058.52/-",SETTLED
TXNA0DFE6101349,2026-07-15 01:31:48,"Rs. 2,23,424.72",SETTLED
TXNA0DFE6101148,2026-07-15 01:41:07,"7,31,538.56",SETTLED
TXNA0DFE6100706,2026-07-15 14:55:27,"4,71,685.23",SETTLED
TXNA0DFE6101027,2026-07-15 07:16:11,"4,72,697.41/-",SETTLED
TXNA0DFE6102756,2026-07-15 06:04:16,"Rs. 2,51,767.09",SETTLED
TXNA0DFE6103449,2026-07-15 07:03:11,"3,35,323.18",SETTLED
TXNA0DFE6101084,2026-07-15 11:40:27,"8,78,375.10",SETTLED
TXNA0DFE6101239,2026-07-15 04:09:01,"5,97,694.52/-",SETTLED
TXNA0DFE6100229,2026-07-15 12:31:46,"Rs. 6,63,928.74",SETTLED
TXNA0DFE6102832,2026-07-15 03:49:10,"6,12,324.83",SETTLED
TXNA0DFE6103655,2026-07-15 00:45:08,"1,75,422.40",SETTLED
TXNA0DFE6100338,2026-07-15 07:03:01,"1,88,195.43/-",SETTLED
TXNA0DFE6100206,2026-07-15 09:31:41,"Rs. 4,73,465.79",SETTLED
TXNA0DFE6100688,2026-07-15 01:06:51,"7,36,814.80",SETTLED
TXNA0DFE6103754,2026-07-15 10:06:09,"6,99,475.14",SETTLED
TXNA0DFE6100065,2026-07-15 02:54:21,"1,11,343.46/-",SETTLED
TXNA0DFE6100992,2026-07-15 09:47:24,"Rs. 1,01,467.59",SETTLED
TXNA0DFE6100104,2026-07-15 15:26:21,"3,53,280.62",SETTLED
TXNA0DFE6102722,2026-07-15 07:05:04,"8,75,346.09",SETTLED
TXNA0DFE6103009,2026-07-15 06:41:08,"1,71,175.88/-",SETTLED
TXNA0DFE6100409,2026-07-15 13:50:27,"Rs. 6,33,150.60",SETTLED
TXNA0DFE6100596,2026-07-15 14:44:48,"3,94,835.86",SETTLED
TXNA0DFE6100266,2026-07-15 00:42:18,"8,10,255.13",SETTLED
TXNA0DFE6103573,2026-07-15 14:46:22,"6,47,761.73/-",SETTLED
TXNA0DFE6100124,2026-07-15 08:51:11,"Rs. 4,33,293.82",SETTLED
TXNA0DFE6101336,2026-07-15 04:03:21,"21,464.11",SETTLED
TXNA0DFE6102528,2026-07-15 07:23:30,"1,52,324.38",SETTLED
TXNA0DFE6100221,2026-07-15 14:53:00,"2,28,059.13/-",SETTLED
TXNA0DFE6101989,2026-07-15 07:30:17,"Rs. 3,45,110.75",SETTLED
TXNA0DFE6102757,2026-07-15 03:05:36,"2,07,558.97",SETTLED
TXNA0DFE6103121,2026-07-15 07:19:35,"1,63,588.53",SETTLED
TXNA0DFE6100701,2026-07-15 03:32:33,"2,54,149.62/-",SETTLED
TXNA0DFE6103580,2026-07-15 01:03:30,"Rs. 1,46,962.40",SETTLED
TXNA0DFE6100264,2026-07-15 09:48:20,"6,95,659.58",SETTLED
TXNA0DFE6100008,2026-07-15 07:03:50,"16,347.98",SETTLED
TXNA0DFE6103228,2026-07-15 06:41:37,"1,13,390.13/-",SETTLED
TXNA0DFE6100656,2026-07-15 06:58:48,"Rs. 8,46,597.65",SETTLED
TXNA0DFE6103255,2026-07-15 01:52:21,"6,14,074.83",SETTLED
TXNA0DFE6103112,2026-07-15 15:37:56,"2,01,121.47",SETTLED
TXNA0DFE6102140,2026-07-15 15:34:51,"5,88,980.28/-",SETTLED
TXNA0DFE6101423,2026-07-15 06:03:05,"Rs. 1,70,992.34",SETTLED
TXNA0DFE6102969,2026-07-15 05:47:54,"7,55,209.50",SETTLED
TXNA0DFE6103651,2026-07-15 09:13:57,"6,36,209.93",SETTLED
TXNA0DFE6100758,2026-07-15 07:45:31,"97,233.32/-",SETTLED
TXNA0DFE6103421,2026-07-15 13:00:21,"Rs. 56,064.77",SETTLED
TXNA0DFE6103597,2026-07-15 15:17:32,"46,424.75",SETTLED
TXNA0DFE6103071,2026-07-15 06:31:15,"8,68,570.46",SETTLED
TXNA0DFE6102798,2026-07-15 07:24:59,"6,53,029.06/-",SETTLED
TXNA0DFE6101545,2026-07-15 07:14:52,"Rs. 2,03,347.11",SETTLED
TXNA0DFE6100120,2026-07-15 13:59:00,"5,06,801.13",SETTLED
TXNA0DFE6100132,2026-07-15 16:25:59,"1,92,886.01",SETTLED
TXNA0DFE6102177,2026-07-15 14:22:00,"4,47,442.44/-",SETTLED
TXNA0DFE6101045,2026-07-15 15:07:24,"Rs. 1,88,573.07",SETTLED
TXNA0DFE6102052,2026-07-15 07:22:43,"92,928.59",SETTLED
TXNA0DFE6100360,2026-07-15 04:52:55,"3,76,615.36",SETTLED
TXNA0DFE6100563,2026-07-15 04:16:10,"5,50,607.31/-",SETTLED
TXNA0DFE6101729,2026-07-15 13:20:13,"Rs. 7,67,167.47",SETTLED
TXNA0DFE6102096,2026-07-15 10:17:28,"4,34,585.55",SETTLED
TXNA0DFE6100512,2026-07-15 11:52:29,"4,86,038.09",SETTLED
TXNA0DFE6102184,2026-07-15 15:36:45,"5,73,795.87/-",SETTLED
TXNA0DFE6101469,2026-07-15 14:53:09,"Rs. 5,20,030.77",SETTLED
TXNA0DFE6103283,2026-07-15 06:08:51,"6,56,001.67",SETTLED
TXNA0DFE6100781,2026-07-15 12:44:45,"3,50,685.07",SETTLED
TXNA0DFE6101230,2026-07-15 03:22:24,"3,45,448.55/-",SETTLED
TXNA0DFE6102946,2026-07-15 04:54:26,"Rs. 6,65,528.92",SETTLED
TXNA0DFE6102822,2026-07-15 05:29:18,"6,29,209.61",SETTLED
TXNA0DFE6101560,2026-07-15 09:48:14,"6,51,635.39",SETTLED
TXNA0DFE6101004,2026-07-15 11:21:15,"63,799.21/-",SETTLED
TXNA0DFE6102093,2026-07-15 08:19:22,"Rs. 1,52,659.04",SETTLED
TXNA0DFE6102061,2026-07-15 14:02:55,"1,37,487.94",SETTLED
TXNA0DFE6101546,2026-07-15 04:11:11,"8,40,079.95",SETTLED
TXNA0DFE6102007,2026-07-15 15:23:09,"2,88,128.76/-",SETTLED
TXNA0DFE6102746,2026-07-15 04:35:09,"Rs. 7,97,075.59",SETTLED
TXNA0DFE6101322,2026-07-15 02:07:09,"6,48,664.66",SETTLED
TXNA0DFE6100367,2026-07-15 06:16:30,"2,60,476.80",SETTLED
TXNA0DFE6101075,2026-07-15 11:25:39,"5,01,063.91/-",SETTLED
TXNA0DFE6100502,2026-07-15 09:41:49,"Rs. 52,949.87",SETTLED
TXNA0DFE6103481,2026-07-15 07:54:48,"13,137.37",SETTLED
TXNA0DFE6102755,2026-07-15 05:19:54,"8,68,892.32",SETTLED
TXNA0DFE6103063,2026-07-15 15:55:20,"1,83,830.42/-",SETTLED
TXNA0DFE6101706,2026-07-15 14:28:44,"Rs. 1,91,771.23",SETTLED
TXNA0DFE6100092,2026-07-15 05:14:44,"1,76,048.34",SETTLED
TXNA0DFE6100653,2026-07-15 09:58:49,"5,21,020.86",SETTLED
TXNA0DFE6102979,2026-07-15 03:39:56,"7,24,551.26/-",SETTLED
TXNA0DFE6103605,2026-07-15 01:36:05,"Rs. 2,50,368.42",SETTLED
TXNA0DFE6103668,2026-07-15 11:20:54,"6,62,924.65",SETTLED
TXNA0DFE6103469,2026-07-15 15:28:10,"8,64,167.49",SETTLED
TXNA0DFE6101051,2026-07-15 12:22:19,"8,14,083.07/-",SETTLED
TXNA0DFE6101900,2026-07-15 06:18:38,"Rs. 8,10,465.28",SETTLED
TXNA0DFE6103229,2026-07-15 13:02:14,"1,62,465.34",SETTLED
TXNA0DFE6103562,2026-07-15 07:29:45,"2,42,229.23",SETTLED
TXNA0DFE6103500,2026-07-15 16:22:12,"7,03,603.31/-",SETTLED
TXNA0DFE6102941,2026-07-15 12:11:46,"Rs. 5,93,319.16",SETTLED
TXNA0DFE6100087,2026-07-15 01:03:41,"2,75,338.66",SETTLED
TXNA0DFE6102399,2026-07-15 05:32:40,"7,13,178.74",SETTLED
TXNA0DFE6100903,2026-07-15 05:47:41,"5,798.96/-",SETTLED
TXNA0DFE6101497,2026-07-15 10:03:26,"Rs. 8,33,566.45",SETTLED
TXNA0DFE6102976,2026-07-15 08:03:08,"4,14,475.74",SETTLED
TXNA0DFE6101903,2026-07-15 15:44:19,"4,24,373.10",SETTLED
TXNA0DFE6102731,2026-07-15 03:45:24,"7,75,408.48/-",SETTLED
TXNA0DFE6103684,2026-07-15 02:06:07,"Rs. 35,965.72",SETTLED
TXNA0DFE6100431,2026-07-15 15:54:20,"2,42,159.10",SETTLED
TXNA0DFE6101739,2026-07-15 12:18:44,"42,374.85",SETTLED
TXNA0DFE6101286,2026-07-15 06:42:41,"3,29,714.25/-",SETTLED
TXNA0DFE6103375,2026-07-15 01:12:09,"Rs. 3,72,095.97",SETTLED
TXNA0DFE6100506,2026-07-15 13:45:48,"3,43,768.68",SETTLED
TXNA0DFE6103355,2026-07-15 13:29:23,"8,40,326.14",SETTLED
TXNA0DFE6102581,2026-07-15 03:13:48,"8,32,690.11/-",SETTLED
TXNA0DFE6103678,2026-07-15 11:43:13,"Rs. 6,03,666.57",SETTLED
TXNA0DFE6100005,2026-07-15 03:16:36,"3,64,227.18",SETTLED
TXNA0DFE6101384,2026-07-15 14:02:35,"3,47,141.83",SETTLED
TXNA0DFE6101764,2026-07-15 01:24:30,"4,44,502.07/-",SETTLED
TXNA0DFE6103158,2026-07-15 06:31:11,"Rs. 8,31,399.75",SETTLED
TXNA0DFE6102068,2026-07-15 11:21:17,"1,27,548.16",SETTLED
TXNA0DFE6102735,2026-07-15 02:21:35,"3,37,827.79",SETTLED
TXNA0DFE6103712,2026-07-15 07:23:40,"53,041.12/-",SETTLED
TXNA0DFE6102595,2026-07-15 02:54:37,"Rs. 2,85,833.67",SETTLED
TXNA0DFE6102360,2026-07-15 11:16:47,"6,50,101.23",SETTLED
TXNA0DFE6103787,2026-07-15 04:58:53,"8,14,992.06",SETTLED
TXNA0DFE6102365,2026-07-15 15:55:48,"5,86,139.60/-",SETTLED
TXNA0DFE6101718,2026-07-15 00:39:50,"Rs. 5,24,567.72",SETTLED
TXNA0DFE6103649,2026-07-15 06:35:29,"7,52,323.68",SETTLED
TXNA0DFE6101700,2026-07-15 00:30:00,"1,79,956.42",SETTLED
TXNA0DFE6103361,2026-07-15 01:17:00,"57,418.87/-",SETTLED
TXNA0DFE6101553,2026-07-15 11:04:27,"Rs. 6,87,961.44",SETTLED
TXNA0DFE6101754,2026-07-15 04:10:00,"1,24,016.76",SETTLED
TXNA0DFE6101572,2026-07-15 00:55:29,"4,60,764.85",SETTLED
TXNA0DFE6100313,2026-07-15 12:56:20,"3,01,486.75/-",SETTLED
TXNA0DFE6100810,2026-07-15 01:41:23,"Rs. 9,204.82",SETTLED
TXNA0DFE6100796,2026-07-15 15:55:52,"8,01,989.09",SETTLED
TXNA0DFE6102162,2026-07-15 03:56:32,"8,49,508.92",SETTLED
TXNA0DFE6101265,2026-07-15 12:49:19,"2,88,696.11/-",SETTLED
TXNA0DFE6350017,2026-07-15 21:40:45,"Rs. 1,15,221.78",SETTLED
TXNA0DFE6101746,2026-07-15 06:51:45,"7,52,859.02",SETTLED
TXNA0DFE6100449,2026-07-15 00:52:35,"6,07,192.66",SETTLED
TXNA0DFE6102844,2026-07-15 03:32:02,"3,99,799.50/-",SETTLED
TXNA0DFE6100797,2026-07-15 16:29:21,"Rs. 5,14,109.26",SETTLED
TXNA0DFE6103749,2026-07-15 15:36:43,"95,527.45",SETTLED
TXNA0DFE6100344,2026-07-15 13:26:36,"1,27,542.10",SETTLED
TXNA0DFE6100924,2026-07-15 09:14:17,"4,42,565.73/-",SETTLED
TXNA0DFE6100640,2026-07-15 03:46:28,"Rs. 2,63,952.66",SETTLED
TXNA0DFE6101899,2026-07-15 02:07:33,"8,09,953.27",SETTLED
TXNA0DFE6102833,2026-07-15 01:02:39,"8,49,524.32",SETTLED
TXNA0DFE6103578,2026-07-15 13:41:54,"7,32,310.44/-",SETTLED
TXNA0DFE6100846,2026-07-15 05:31:17,"Rs. 4,09,515.35",SETTLED
TXNA0DFE6102564,2026-07-15 01:06:52,"1,04,767.78",SETTLED
TXNA0DFE6102423,2026-07-15 09:42:40,"2,92,907.66",SETTLED
TXNA0DFE6102235,2026-07-15 09:29:07,"1,94,465.75/-",SETTLED
TXNA0DFE6102866,2026-07-15 09:14:28,"Rs. 7,53,685.27",SETTLED
TXNA0DFE6102797,2026-07-15 13:36:17,"2,03,417.55",SETTLED
TXNA0DFE6102949,2026-07-15 00:52:56,"7,31,411.30",SETTLED
TXNA0DFE6103742,2026-07-15 06:55:15,"3,84,503.31/-",SETTLED
TXNA0DFE6101804,2026-07-15 13:07:20,"Rs. 1,17,225.33",SETTLED
TXNA0DFE6102439,2026-07-15 06:54:46,"6,87,064.00",SETTLED
TXNA0DFE6101279,2026-07-15 11:47:21,"15,831.49",SETTLED
TXNA0DFE6102820,2026-07-15 06:08:00,"6,57,790.70/-",SETTLED
TXNA0DFE6102383,2026-07-15 04:39:42,"Rs. 8,86,313.35",SETTLED
TXNA0DFE6102578,2026-07-15 11:20:43,"3,89,150.15",SETTLED
TXNA0DFE6101432,2026-07-15 10:59:24,"2,28,919.38",SETTLED
TXNA0DFE6103034,2026-07-15 01:28:28,"1,32,163.00/-",SETTLED
TXNA0DFE6101448,2026-07-15 11:37:58,"Rs. 3,73,086.17",SETTLED
TXNA0DFE6100301,2026-07-15 13:17:15,"7,92,482.37",SETTLED
TXNA0DFE6103471,2026-07-15 14:19:24,"8,94,473.95",SETTLED
TXNA0DFE6102063,2026-07-15 04:08:11,"2,36,971.25/-",SETTLED
TXNA0DFE6103771,2026-07-15 11:31:02,"Rs. 4,27,530.74",SETTLED
TXNA0DFE6100118,2026-07-15 10:03:39,"3,68,176.70",SETTLED
TXNA0DFE6103741,2026-07-15 15:36:17,"4,10,276.90",SETTLED
TXNA0DFE6101845,2026-07-15 07:53:58,"5,61,986.25/-",SETTLED
TXNA0DFE6103626,2026-07-15 08:07:24,"Rs. 3,41,137.51",SETTLED
TXNA0DFE6102779,2026-07-15 10:24:09,"1,69,765.70",SETTLED
TXNA0DFE6101335,2026-07-15 10:07:29,"7,89,592.20",SETTLED
TXNA0DFE6100144,2026-07-15 07:01:34,"4,90,948.60/-",SETTLED
TXNA0DFE6100285,2026-07-15 05:54:42,"Rs. 3,62,125.25",SETTLED
TXNA0DFE6102192,2026-07-15 01:41:46,"1,36,941.13",SETTLED
TXNA0DFE6102599,2026-07-15 08:54:39,"7,64,949.75",SETTLED
TXNA0DFE6100553,2026-07-15 06:06:00,"53,751.61/-",SETTLED
TXNA0DFE6100466,2026-07-15 13:54:17,"Rs. 21,071.85",SETTLED
TXNA0DFE6103230,2026-07-15 06:34:29,"8,65,822.65",SETTLED
TXNA0DFE6101531,2026-07-15 03:20:16,"4,22,013.03",SETTLED
TXNA0DFE6101143,2026-07-15 03:41:13,"24,044.18/-",SETTLED
TXNA0DFE6101414,2026-07-15 08:01:27,"Rs. 6,45,788.92",SETTLED
TXNA0DFE6103746,2026-07-15 03:20:30,"7,15,882.49",SETTLED
TXNA0DFE6101626,2026-07-15 14:43:05,"3,28,996.58",SETTLED
TXNA0DFE6102628,2026-07-15 01:04:35,"2,11,357.86/-",SETTLED
TXNA0DFE6100536,2026-07-15 11:49:59,"Rs. 7,19,325.11",SETTLED
TXNA0DFE6100863,2026-07-15 10:44:33,"3,35,594.72",SETTLED
TXNA0DFE6100045,2026-07-15 06:35:31,"7,94,846.40",SETTLED
TXNA0DFE6102467,2026-07-15 13:22:13,"1,08,425.94/-",SETTLED
TXNA0DFE6100098,2026-07-15 03:03:57,"Rs. 1,01,858.90",SETTLED
TXNA0DFE6100872,2026-07-15 09:29:12,"7,41,752.36",SETTLED
TXNA0DFE6102081,2026-07-15 04:10:39,"7,37,753.21",SETTLED
TXNA0DFE6102817,2026-07-15 05:35:33,"45,926.94/-",SETTLED
TXNA0DFE6100043,2026-07-15 11:25:01,"Rs. 1,41,219.41",SETTLED
TXNA0DFE6101305,2026-07-15 04:48:03,"1,43,515.85",SETTLED
TXNA0DFE6102707,2026-07-15 10:54:11,"1,56,738.90",SETTLED
TXNA0DFE6101226,2026-07-15 03:24:23,"5,48,558.58/-",SETTLED
TXNA0DFE6101958,2026-07-15 09:42:33,"Rs. 4,62,712.96",SETTLED
TXNA0DFE6101088,2026-07-15 07:01:14,"8,96,625.24",SETTLED
TXNA0DFE6101704,2026-07-15 05:33:17,"2,32,870.08",SETTLED
TXNA0DFE6101564,2026-07-15 08:42:38,"4,28,646.49/-",SETTLED
TXNA0DFE6101283,2026-07-15 14:05:29,"Rs. 2,20,267.35",SETTLED
TXNA0DFE6101516,2026-07-15 07:45:03,"1,24,646.67",SETTLED
TXNA0DFE6101749,2026-07-15 12:59:45,"24,405.47",SETTLED
TXNA0DFE6102604,2026-07-15 15:02:27,"5,57,541.63/-",SETTLED
TXNA0DFE6102307,2026-07-15 10:49:27,"Rs. 8,69,067.89",SETTLED
TXNA0DFE6103422,2026-07-15 13:04:36,"8,97,676.64",SETTLED
TXNA0DFE6102967,2026-07-15 11:03:53,"3,35,940.11",SETTLED
TXNA0DFE6102639,2026-07-15 06:53:17,"75,962.72/-",SETTLED
TXNA0DFE6103194,2026-07-15 03:34:38,"Rs. 3,64,396.34",SETTLED
